42.405263112839975 438.76924187648245 323.6370579829138 135.9788517008852
433.29771358824945 465.44596520326064 431.71959438851127 701.6378701959532
135.93517931317757 148.1156774403899 160.4721823009681 579.9360391396563
436.1753676782436 504.4382676043386 411.5762621122637 110.1366184295598
22.76781097652662 490.8118915347269 324.94162946939815 567.3253356375708
252.91866111517868 58.88002359436905 155.60223967020124 890.1897901988933
34.8712091635789 340.7740761836626 210.46801205804655 926.3502248277011
18.949672125696566 260.47098773920345 221.5192413114258 763.0939296289754
108.28164837713211 476.8172638757218 468.17687041219375 960.7473911294505
59.02539759254557 11.985884206775722 201.12665334912413 287.2709832307829
261.62817914431764 490.0118048422471 405.1450856673585 834.4160915085511
475.94477304308674 135.86190964485314 511.8559453862939 271.73624634167925
435.80115406772785 241.30271362257412 306.8489561772956 500.3769200149748
309.98093494115716 499.5078737837468 6.749466905678958 274.3201391257908
26.875473854926554 400.9043739626606 258.70125512805794 116.74170549453311
232.6006344650557 314.8480138208896 466.4805999956627 184.35051348638143
103.18840709317959 331.82655141500857 181.62960152471953 128.63368386796114
243.83232533196787 510.96841119101606 4.446973047208246 34.81400146136116
364.7808729011249 483.75323899425496 115.56855210367576 74.23954134101041
331.86902428058784 117.92347484671706 412.88835624222116 153.69176219740166
377.0301284090409 488.20318230081847 378.893169422592 25.390781070992794
473.72331243801085 441.53162430102054 302.8228477026359 308.4314368072686
437.2505785111336 19.33061408396145 127.83388527416184 817.0089220573121
498.6987254351183 123.4414014574071 135.76795810999892 199.3200663808824
480.473262268063 354.95114364367106 190.24424722694505 836.9830340804598
209.1283612487457 410.6725952128045 403.8318933813172 130.03495730153236
111.54024518877759 270.27052552018245 5.611506923026525 457.0527683935276
106.0458705041853 180.7231726705645 357.4134151825356 519.0769278671619
104.0272656122753 394.98575164924654 429.751142152272 922.1188673023448
421.31437920817154 350.94579767613993 179.83511549431182 394.60523276161854
32.386589359134064 333.3488122772801 261.06477492717266 506.89557558508113
410.0469894677019 210.7727459868779 316.9337810547586 479.9657381604869
1.784570108571188 135.30927410989858 398.4128590178339 662.4688625826301
419.99608182970013 297.8004367835779 4.676484945826303 902.8151291850238
346.82294919772056 46.58493687406383 137.50438391478843 575.3654265103942
21.53786115871941 209.7520317130231 204.49995451132526 836.3984952933292
79.94773510520616 498.9302097076735 399.5486577004596 662.4200009494639
80.07316120663086 76.7269797708837 69.8691895366394 566.8455381126894
59.851267118432986 151.27452383032693 421.61100931523885 212.7014538273513
226.2907066309287 120.92424453001473 71.98572372854062 170.76317488051663
298.0525962873422 182.4531097056593 15.99309764072666 518.7407040781216
466.55294228664894 140.05613332548546 127.85795062707103 412.62719809497895
473.7527705217036 109.3221388423022 382.83762776063946 134.7387993429341
14.930196240077578 285.95334537471166 267.50448833273634 97.22029280711209
295.3801393201952 337.96903907681775 469.157187201599 228.76758089201778
56.9501435060522 174.70558548848362 61.2063922560406 79.26799087415482
62.96275489915098 461.7885278701127 212.87317617039332 864.2257167968822
369.68377843167616 316.8328357296803 216.73407529850834 900.6970415543592
242.33252030426195 410.6472666030292 81.51783321849496 25.941477885152775
137.31644810327901 72.56805217531581 273.4797202284352 752.5321841552419
448.92454485576815 170.714687024667 225.16706192532303 626.9490144346395
413.125163875632 108.37365478374028 161.74462816214543 309.27667616541976
260.605148049324 31.629586338557658 494.38633884110794 533.0561548746366
270.01547118879154 41.68537809157772 71.04630169369267 434.81993371405423
506.0772949870478 53.05817543651432 148.47620941724512 967.3963621733928
354.2259680934851 427.77407741875254 128.40884641216599 449.16851773627377
337.18892446638955 101.2694686564488 246.57977939001688 989.3069343028093
324.0442690961725 318.46418533177297 479.17453439479453 923.9076628850763
470.305259526768 150.32664807131357 305.80759804683044 251.74531396860823
440.0881382377549 406.3208422861833 431.340027238701 128.42129555596605
151.09662358199222 461.74910094586704 10.81209932442988 69.6920540601913
453.15401600823316 288.5320468034755 219.71839224590377 505.4657559030693
187.36715510712014 390.2576809901314 114.82777492775858 981.423145920073
495.87181770036165 29.99111102136203 15.864404814352383 281.72473959803904
399.9441452089719 195.2053039197525 321.40065808100735 956.901225607633
433.46223011514013 16.347502137928416 426.6810442345857 535.1405412076687
250.25813663926687 468.2274944090367 384.577340693403 61.259521289680706
141.2508099134235 370.4305163337491 274.26555829828993 75.00252098680949
39.83325575572786 55.324861414259544 404.55252260430615 77.36910286444976
149.03092994545614 205.27802577551336 381.2973151479818 131.6111448001056
58.418260777140006 54.6238497078412 144.66059979463296 89.20116328206574
28.96824850112074 45.74201764887454 456.43555543213483 522.2395749061418
170.87833458840583 292.2747488824637 97.60891428374856 513.5811460491968
95.2361769582767 143.95094146145527 336.36344141045964 558.6979225186311
495.2519100233252 507.5180290054551 143.60123266162594 259.7377007423939
260.7789553148026 6.798982395222936 434.0543930096764 456.49039778332036
387.88871791971496 506.33824073739925 304.95427673401684 560.5668279527755
244.89181783701906 507.2905024810065 357.0025660361652 496.3864642286452
333.1699441089126 150.1381530375313 138.94177221415703 405.03786023631625
357.68038200010676 412.99687809471664 62.98568873408516 343.6359662146987
279.0323771966343 247.57981402157162 483.61247003743205 994.1204826668982
347.29079910926174 178.38470748996724 295.71847032067484 653.571893449279
66.71415536671572 298.68717084856746 495.9051589567661 702.7544678721863
256.7067496603428 398.26967765935325 157.5281212528575 807.4723153645916
389.06784531567655 1.9578448852413999 279.7276320619047 406.54811886634246
47.51044007797492 320.2834671759134 499.56258336819366 743.8870610477666
498.5949407123125 453.0603845483783 288.6020069325367 180.33557702657077
142.00133258608548 304.76963630677403 224.43795546599262 655.5808761304846
25.280821293248437 294.5762902093871 14.53948096297404 317.4158904678637
205.46091340197233 183.60078788337353 300.07553479655235 956.3952456669933
253.54320539556687 40.38484351910188 403.8217942819856 814.8368442277317
265.33151759107056 313.4519858272564 355.9459311559743 772.7353726521195
51.63410539301441 430.8838748144951 196.73674257652345 839.4255312779565
475.3167509048147 253.63573837270394 178.9492364369275 190.39434674878953
499.42631442628465 335.1069898255 247.48122250469095 713.9247197371651
416.5063219880863 396.75243366120355 3.724004864727874 273.9333001856642
261.19342750665453 451.69559192082244 214.88341186740809 223.66889624645137
320.9798184983536 247.62973319672545 289.44365209167063 747.3661961846136
56.340571070829526 213.9605400450634 72.70520856120629 924.4475494652129
383.7569209774537 170.24895284472774 345.9175994385353 877.5003268004143
251.60133364552217 250.9719543197712 268.2929876539687 484.6476657585431
93.14360962634248 318.459175351149 467.00630221838486 610.9618253154339
180.05939874388042 406.65475855369914 209.74662237437502 896.5493417241628
488.35114147696106 114.42154156747222 331.49159715253666 210.2809143864016
217.22321333556908 452.37713373258066 41.0077456074942 365.452902812929
217.81267576962426 186.1028564386545 135.62166902260918 674.6199203338961
291.3755677013026 47.930759631931835 501.4894596520406 107.8209574580431
330.3018700664685 286.3884586657684 249.07069219288007 941.2089500476412
172.77689661227907 310.79306409016976 496.70488558914843 980.5406366255495
254.13917639783136 129.04957872645423 475.5293444411221 371.6467452848242
221.06503935713215 53.49708779259316 0.3490011828330921 958.0666322131071
301.32031679926985 117.83798916975712 69.08507818840309 969.3829853442674
158.1874165151794 220.5824835962194 503.05909180249364 391.12456352175786
241.28099288054267 290.8401660117292 42.89287212001034 702.4049156105258
61.09345623763261 210.13833187832284 387.494824664775 895.8405458383854
467.96094653695286 452.93409671329835 239.55728111109977 557.1083382372119
401.9050820713458 180.02262599031928 199.23386135183057 942.3069637090338
31.20146888651243 326.8916574514639 263.35679628083386 343.51877015591606
162.36887350639142 187.96023129883247 279.46933725631243 45.69559621524877
411.6102882962762 263.8452714488906 424.9708658769903 663.1611757398738
286.38659355878485 150.67308223488897 305.7852433693688 983.8742463315208
489.8668302800533 503.2800049296455 462.3789926732799 761.6795315506953
461.6245213824058 127.902426988547 356.9104813734674 244.99249103874243
325.2892790508723 196.80765164654167 291.08037084304874 66.02574361349467
468.770242556655 173.2187071057362 120.20418444883029 174.66524617144375
375.8615894770919 464.96192867142076 67.33538096334132 137.48079110424715
448.6218824816941 137.47978925355613 446.9768127048142 202.98438561717924
45.25537605798104 217.0819135500737 416.66200244086355 977.504756858179
510.27682986105276 453.2329286540279 423.76634944598743 999.4345776475743
33.622365998107625 505.5559776363844 349.40060127439165 458.7512087513941
200.88095942588097 385.8218290357127 280.68126804857036 287.84645504751205
239.9018905468854 43.37893051048712 71.51618943259814 198.80511603819284
341.74666261239435 5.159436810664886 384.9681266741645 835.761161458042
299.5207221661243 332.744997215314 219.37929943791033 555.6320952182299
420.83708187876454 391.4162227800668 473.937626430569 549.1468901218667
125.84021325801478 231.74835123969183 12.049596952484649 991.4135931082226
306.72600132435997 371.25816746648337 505.7983649134925 611.6391176889233
395.9216963880196 42.72226540786875 194.1956453534658 814.3797445158748
130.49817623257542 321.48370607213354 447.06699309153345 547.6122659963156
409.56367099966144 148.1060643968699 352.373994430404 775.3145081390494
296.7643460769253 333.7182528057531 22.610027909208327 289.96285711961133
248.26582341697252 480.0581877838733 241.69838986995478 828.2024554220028
133.34396698218222 264.4578582375923 323.88151296286736 478.7913487647778
126.52054717945464 415.0702413286599 495.5983700123813 273.836664367894
505.4574734514718 298.5370772073982 85.08311096386564 451.75953328200836
229.07161426933385 276.6416385795948 239.51423096971416 787.9741184514683
81.55317110887262 263.5577711878798 331.12771235722045 413.27526488265875
35.40016154233007 99.58379639869639 31.356666755679214 281.3961135070261
374.05977343941333 314.8949469832891 97.68095357713185 174.87926170654632
240.10663798828404 188.865144187706 73.4434516229444 794.4950986510227
44.329177330672906 210.2221904199987 160.59066477623003 564.3163591793899
117.22236250094255 266.0477926304351 502.50464275679906 739.220687702008
494.67050973184826 213.1435514029888 349.0598611947197 211.8389390153096
386.47761135273754 510.6366937762558 57.06837314871677 973.079742615144
367.58553527459446 301.1057413089215 67.65960111759148 518.6579748596016
83.6104827308896 217.57160820064968 19.513878545607042 580.5232383422245
258.30919649476186 138.91511315757725 7.66379828946117 212.13403395413576
462.0652303828015 256.42544041405193 94.61488749033384 808.8778726806155
293.3983250063447 5.671006250030246 1.7360930774376016 456.0586841596563
402.26506233411976 490.98151289275603 426.569276246077 675.1706249643265
427.903211276748 17.551785621484896 342.5320337796554 700.4412572367166
105.70851247185055 10.104650105318399 43.1987852331992 414.11490682605177
354.88313662905273 272.78900368068855 410.1342261982738 728.8735487998464
309.07389814423806 395.7319564999536 47.720765876138614 119.8739697908745
253.19282126281627 11.150614228649886 508.93950971737274 930.7132703141683
399.2291107160434 233.39344001642888 308.4127540022306 374.15016737473996
83.21236804017212 4.106600210356191 177.85123815872595 28.40286638771705
273.0563082547769 392.64176107927835 270.22854828825916 22.173895808385247
173.4111863325403 331.46435017485663 360.74523384112354 817.9958080045643
305.29598834375076 421.4224957623492 68.90557922629074 848.6201208882459
457.5878256987639 293.728926952041 123.10222787049224 119.83021167685382
35.26899850378061 475.1609895959229 413.9567447881908 867.4452569721711
25.054643852996605 297.03839943303046 244.61187313293226 998.1402487327688
403.85176649814576 282.0098578292578 39.13701937470216 800.1837392667588
405.82582037261636 60.79925489807209 419.0887154033844 983.6732466998694
436.2701123232682 252.51228465346344 13.938621988235127 549.7340976757764
396.01570082009135 471.9349333827097 419.54675652726144 936.7796337203217
59.811442460348246 370.5890514484996 182.04322137283924 4.686382792231991
257.9054751635812 9.231684619646785 323.0120101076897 143.16974665712434
353.26249617508034 110.20890607184015 320.23257953071305 28.299854910288524
156.72967566485738 39.706473551029944 351.32763546081634 906.0357100097941
510.63319770027937 353.86387306304607 376.1015516722609 664.5447196110736
335.3693342572463 493.8584271740281 362.03446487962776 267.301762356283
419.83353149962136 179.09611426794623 26.11511108290364 152.12179061541252
317.2199156365953 1.6544332003803675 228.88846611691457 183.58651784162385
94.9985117058464 494.6071786753961 377.358341278877 771.7258250721019
116.54908120989603 61.831124415869624 356.6211009138266 531.2462753239776
436.016921738016 60.942488459216804 98.78377162642067 105.68538918073034
487.5716874402846 146.44713598620865 367.254194987848 871.9932961781168
199.1293282231856 404.50771238675895 133.2996938520542 132.96637111573185
223.94095647646617 491.0950753322134 283.2711044498243 590.3766415773551
312.53924646016577 364.8802403501462 332.06695380509376 743.3792570832829
166.47843439953425 472.27852543811497 38.11072956062657 737.7907548197826
45.42647167351839 164.13527745508162 266.02783355765814 396.74627251774297
81.69236156512 346.90434517090796 414.24833885380696 451.7726012247825
190.61998882366805 270.5332189905533 71.91792382082912 700.7689988179171
199.14777126123101 488.414914786735 251.08170297542244 387.6365522045955
291.3042669461698 282.0702579413321 115.50651352651528 334.48285433673453
230.18839889698455 230.32029382464765 149.36683254722112 150.97328716386394
226.4390932979581 56.15043826138401 276.9477339930943 321.28809600562414
78.93929314038223 416.659593524712 402.039961387695 422.20369675602774
250.2629019866156 76.93994977786878 218.7613709533856 281.2264165300292
167.82529150486147 353.85783387406576 357.2423085434935 666.4761908099345
401.6751025318281 347.4767977999628 270.79761268479035 997.1296722076869
344.19491770303694 317.01360207553785 465.0412090536427 421.58190940350113
45.91747517266481 355.1604546125198 428.828663351728 499.0127993264266
452.83182165062124 78.94549466768922 208.1085717286416 250.19654915421964
498.802884981718 511.6490036248127 350.47803492768514 658.4663217317323
455.73313265702626 210.95039826301627 115.44174164069489 18.933915705564573
188.72021933321162 179.1864367301041 398.090805295388 976.5301579540961
309.5657114020068 67.54400438266839 56.365294369611206 929.1306997850655
477.49410792122734 328.0983294558097 268.57134649081667 702.4114241038561
103.35971340174746 236.01347840339236 469.87716344090944 938.732300073623
416.1910186879935 444.02336274872425 72.39448565144386 536.689533140612
454.36665796164044 214.9128928994367 440.0164086461927 887.233588338775
161.96335913995415 93.10132512644196 42.38450026058365 423.65578090707265
314.2270953733396 216.96672165116235 201.39941352151408 132.28387302942468
95.49830349811754 6.917267611008867 285.24180072633476 399.29586299625265
342.46616752116324 185.30544690249144 323.82803411294964 340.4102214817398
52.87121488266155 182.52948513597022 371.8768979282492 93.69525700068048
55.01721281104034 207.19157162431213 243.44206066833857 781.8800919486835
346.8592595755002 409.71966020977356 218.05362580717036 94.51826596262092
398.1001231292705 337.6009692891974 177.6839867003045 507.4239543570317
376.8905401143855 58.427757909056254 104.78796164469463 785.7570956050677
19.12362115999923 300.7162312327949 110.05720405286252 183.5813626648991
224.35995775729407 480.7260720366307 325.383880626373 104.9800576373604
492.7386869029932 236.48930186219803 384.4715196034178 703.8617282908542
204.66719818885008 429.3941338366583 79.08438503373253 78.24276212826797
179.25994337940068 157.18788215639609 187.23773004784277 272.59163456556155
1.5629583153592534 205.19963885532337 105.51177397448254 23.383932595943403
123.92129985737807 36.32873582577491 458.8426469926085 770.6551547670297
396.36558670597975 147.83791656123736 408.07218021107894 757.9432622544207
134.07320699619652 384.16696613965183 425.99511049541286 90.71636424332452
478.1048497474571 99.68848602295373 46.09448095537243 335.4964398985367
249.34603954087993 346.0117299904764 92.44278805921158 327.14294861941676
15.706623198123737 244.75412818136675 5.542052252040548 230.30609962728687
408.11723351170554 277.05115259091525 449.1427885059014 213.2211192876824
501.12006938210106 257.1522896085127 156.53471321228545 820.5342901142137
258.59272702574873 184.74836624720297 374.3553953737213 636.5554380219504
155.6397628076333 153.31397186613668 161.34700252655125 432.3562659077791
6.487639048776941 16.936428495304938 350.5514859983344 246.7659790158231
106.3757692290244 325.07161086852244 65.14378771920337 762.2761545091205
466.7303491259041 492.20844144769336 251.00733388664912 821.5398884754495
171.80273803644315 332.5402171991701 337.63932035398267 873.0794165628262
201.0434454335459 124.02016624607234 399.1229017603133 70.6761821688755
43.361218362660395 453.08619394387665 384.75994947381736 223.9152824813988
258.9963317457497 320.2065695666497 222.6071731929714 504.12943945383824
328.1452803682487 362.2432633957963 462.63447764797513 84.30713933127043
209.8825646663123 192.43001073510408 206.33065834633385 869.5534274069504
160.66123005923697 249.23744408387876 212.3951228207256 834.0937150987993
324.0309341182881 258.63106509710155 188.33304470504748 947.7472543510856
288.1772044892441 232.2305756568885 90.6269943091275 298.81947447465427
232.88341380747045 76.47554756293192 413.81529359527286 737.3560739098884
274.61297590602373 271.2402197197957 16.316909322820834 271.3912295284523
153.8855872653237 288.1835308274003 20.314715260635808 366.676611478705
224.49032457738446 29.158281120217453 55.86811276917189 473.949460550085
111.24500055224593 506.95663908584294 29.45965393579354 727.98861442555
411.3233412920649 324.6710488837451 449.65278192399046 122.63248265219396
86.47927969578643 138.9846007629048 305.6557603225165 870.8778541972431
245.88401046242546 308.0982407768614 470.1361131755167 603.4871715038248
21.362701634280995 487.6142219893141 415.96886829367804 932.4035275843806
423.11378222458956 359.54260130058043 39.502977220249136 808.2811984861927
444.2918452188058 322.27892916536285 420.05505851652964 582.5084115888748
286.38154900094554 402.18291409185247 332.62804271676885 721.0095606516971
200.7262575180601 466.82680563267945 382.4812772042141 776.3979328196718
153.03980151768855 453.2337794152957 40.19066044141766 137.23344731659427
390.3576791898588 506.54408881118974 116.36656907135654 868.9769913099813
378.7920746747947 415.14448639431356 506.30167119891973 658.0081960585753
169.35503674290123 147.8811229472517 237.58305965478195 224.64549083725794
501.0484762024673 194.1272284579009 369.23508914782036 203.511169143483
123.47505274571859 171.9360574768702 341.19568464990533 82.34025648705912
192.59069068945507 265.4056241428755 460.91519224742126 670.0832509126998
235.82797900471962 405.14266843908973 43.35803420589326 301.5348957980385
332.71999448685864 358.7437323289624 158.7070743044277 632.0538343104233
296.64529247684385 370.8101679710053 316.0059087978045 718.13948369432
11.697562146301664 267.5771953456713 15.414068915576365 293.09385369784104
43.67357419727256 129.4827753576135 136.8955023413032 794.1300813669774
179.67163221820869 163.31364827720245 161.52795439378883 837.3967330327987
78.37123658298867 166.98847366941715 286.14888520788384 932.0840548156973
316.2299000439076 140.7391221297982 209.9243973601288 636.3465075513475
395.49412616110726 266.36306720761667 243.98012122779477 254.80268749408285
282.80648439728566 377.6182228405377 54.0732251510222 505.2616653995955
121.47163040235426 78.42071868521327 245.5319649521063 503.44510984018365
355.32437660565427 411.6640723579467 188.3462862289333 600.3826375773953
301.4598548507069 27.160373428862954 18.771390306107037 290.1619008812035
293.6614985246093 359.39540296453913 436.7230507882114 168.67883432002307
381.2297241492447 64.41986623321714 112.02429489888618 221.8671565174154
238.02553597958564 370.9075223450299 61.20576713122023 823.9547912789346
47.226494991229345 444.2586851606113 108.60222666578704 262.0074541789971
406.29250768799847 226.2290642182199 225.38333588786645 65.61672069771984
471.6316818134937 366.0909360985753 45.9319887193563 511.5807421330372
126.10964467330831 271.1731784817815 407.2087244115281 138.93463475152345
291.5582025720663 73.40500907971028 233.84591238300322 352.875824674587
379.9183313886666 202.4689242852716 88.574676138793 919.0421204071041
266.7855225312674 130.10982195174296 471.3042345841105 506.7208867549149
470.5551402024885 33.486530455477805 298.4624614504131 605.8316934765114
156.61489863987526 21.41815734172087 395.5549866490088 565.0672166879306
294.01116250624483 348.0176641821155 148.0254148869853 514.9041924885628
494.1341474300995 55.69819727312688 219.4629574339387 493.50158678106425
438.46099019319314 177.34654334903234 86.77435141725192 643.2219869841538
305.0598499084023 148.02803893458395 427.7168946130944 716.5881504711298
42.08812161084626 142.2420898567388 511.39056557357077 874.2803859868617
257.59733300488455 455.2765498005265 62.30286675750068 16.22434704942288
96.89851445177868 89.17575688062561 366.9032943214729 187.96872300033218
7.3771329084980835 69.91207680100479 289.7477455798073 515.3275481486601
478.4147056692679 278.18231964313276 58.4731306434752 286.0642892601917
248.5810797962818 410.53383937591144 363.98352584379023 489.66035726382705
260.142610017156 427.26725904354925 475.0297728083853 649.4695589485277
421.81106989831716 286.7887326751678 337.65763824287944 972.3060526830527
333.6655688316635 254.83510469086298 24.067391219818774 950.7035784959136
377.3291207611323 284.31830906690215 191.68983751816285 491.8031794276845
495.79180432780896 106.90251208815113 256.04061546403796 11.36285718168617
508.88751872014905 47.4184983496998 224.27515593624355 965.0809660511834
71.63359192969926 82.28535611647976 438.9318062893749 603.5943261402638
476.13807287908 327.8712263214839 6.455937323031208 431.0486518205038
86.76180810999733 96.45290926778893 281.78215509779744 218.31628954423442
299.83217469728686 306.93991558556627 146.17721861973672 819.0342028781779
98.02205853828366 72.6157032787442 285.51703195388654 832.4878611613798
400.5380063386821 165.3935291475069 369.6382768157646 96.80267845656121
83.81321619561129 149.77623807052288 295.3348579551793 474.63468541961106
36.528935914789145 163.1265894881364 347.3722411339544 892.8118651524451
408.180809960809 324.2817236966101 66.90713673355191 352.9141189462538
310.2117351808968 208.00724998424965 329.25241047318764 750.7032824432014
437.9360561754585 403.2314743062389 292.8613000510017 739.2258953209707
318.09407050394606 116.29855406175147 99.65069214794715 543.9540572050068
84.86875593213722 194.8065746526704 184.9692221944565 809.5740541971462
1.48833602686949 273.076823837011 359.4486319570846 623.294528106813
498.3222193319445 80.49272558516083 361.70873233013714 217.47547723114224
43.21513251776787 421.16705200976276 231.81028887661597 264.7509853760971
264.7931833675282 274.1312124759274 395.90680444169897 446.91037552852674
318.639220043573 249.24527895629217 276.1807492828619 371.5421590462027
143.15080568937555 410.0780060264625 475.2136603824616 639.6894750193374
127.4502781869175 383.122644276198 66.5202001545934 573.7206946753793
301.0251319083972 34.28569789009737 421.1647284604422 252.92450471150508
232.12574797941795 507.13258043996206 70.12126662535263 540.3821536250827
53.74797381640377 256.32077664683095 498.7052593324154 306.4247098261883
421.21862504017133 155.2472851760615 441.9740812693683 437.9437728785438
459.14821863969223 318.5859990255037 268.76702608606485 429.1463436934952
104.55532244902338 172.83529827047352 1.3842284999570893 69.33321894097821
217.92910991800096 191.91874079929624 449.60135638987225 574.093816075705
111.44825942756103 420.28227830341206 448.8755100520481 925.3509735921381
398.016973467421 279.13430606158266 251.2299268604536 981.1027746975941
330.46202611806234 488.5925428251931 185.71821361885168 498.7937315607752
174.41777409321708 220.1045914704116 412.1889928852626 961.6208202840239
33.91284623989111 301.8756690298103 106.65178143322265 637.7450185113144
342.014777129827 149.09932360644677 75.6028401747044 940.5529624386136
373.6601611320382 426.52645997243053 265.5971940949559 508.63618989495205
83.7946511735571 232.7707861523453 440.6774116481041 867.2955427809012
356.6893081343505 497.99524644789005 374.95110164100885 430.5787429584368
15.594383595162412 123.27196535441732 172.17947125615405 348.82970554419234
349.871883240776 339.9739374769133 394.53333485616525 989.4202145384156
400.4400960797786 328.85790569833284 14.558838188256573 814.6888851880375
456.7385101106446 108.85083766284237 232.24404901961697 112.34739597959454
183.388041858934 399.4636020607386 200.9882361931475 305.926877139945
346.32922757906726 103.97422113332891 36.28164357870941 900.2687557847811
67.32328870646967 186.16978024249596 65.25324842087548 599.7329540769816
220.48037456479761 395.23653350715654 377.99091199625565 458.24758350135795
329.97277551279325 235.12050487220063 264.05064467804823 464.1311853944361
428.59299256564765 53.823635123175166 65.22449682300032 18.672634484255045
59.47832268037877 287.42262393116584 390.56366659223585 438.9121071234883
226.4419141810613 507.884491958189 266.64209888856476 359.883783434582
161.55570089838568 410.98929294541824 416.3907600333207 766.4745840616672
234.24026787677877 16.423976933930135 508.2771995729394 8.600973885837915
343.0908930327986 48.139862638004786 131.482696824485 208.28071208174282
223.1206228931174 387.83441467759496 444.9095666506752 725.7878537520074
311.5624797202286 302.3095356179459 131.03218384697186 65.7511813699475
295.26777244893515 282.36502928757636 458.4184714601903 691.7157662689722
93.45638181967973 210.62828126927724 320.2929783463999 224.90802298515922
371.3307870103592 334.1815439873446 269.6461077900413 864.9172160076002
202.40452399232333 166.4342648333071 490.89710170666797 328.5639035685992
511.98092244817036 287.872478461558 459.8992207018345 209.6549415508293
209.27707687641953 18.56084036310915 149.39069605900727 265.0178723690341
113.88944242850755 483.1687115436684 260.2596921836739 595.6451649785694
162.8648851140602 243.2570399054078 114.44814154267817 91.33439903037844
339.19574032996746 263.35941380820896 463.5731812404423 339.8080148142728
248.82033643038477 8.41476230623789 288.14091609225136 29.341907386802202
251.14098317845082 330.815303081201 308.15695954495635 723.8188811198162
47.71818407385143 131.44488335688965 292.89057884537925 543.5574989045259
3.7548803215859152 408.97626412744944 292.17886029319595 581.0006910416711
156.78591283345986 31.8584729344293 304.85831994052387 958.8339086683729
273.273002752603 45.81657387581606 283.6648063493032 443.7654554932924
401.9540918132499 170.81599349215162 234.98283828215364 363.34731299339995
396.43641190775674 381.00327515652555 305.1130135307673 390.8126740789588
198.41776933176396 132.46645733008603 116.70232573518166 146.31888135475347
483.07112676638997 477.93760333251254 283.7955559412669 594.324456622216
249.9251866586954 314.1244270086476 438.11774418646394 705.8111293098156
386.7274732248764 407.3281791094805 215.06114289762507 629.4483779294375
15.280492228621313 20.8589735438033 319.9755607377324 204.82655771263168
121.51254512508984 322.3938085806452 50.4967127293105 291.87199921725824
241.96478846427408 429.74995615712317 92.55167837570417 525.3382254508684
249.31665836075308 168.26015214746008 15.460255298329628 453.6720405906848
434.57116103876655 400.61853655293083 240.48045349520794 87.25785808190001
219.99677735539524 239.6409242083015 344.26579920395176 80.14420185794957
68.1599388821275 170.33318130204123 326.6158783881118 299.7166689576556
342.7513546031892 60.309749896971596 38.13889177470662 973.5854301405475
195.63246677199345 264.710947748769 148.3508098330434 254.62220245768896
196.4549595502582 102.28041608403709 198.47413940844018 165.39439904839227
101.10808507456625 211.11413863251374 466.5611153189992 697.4883904126228
64.8415555659958 284.99592929786206 52.2492208029517 143.6198266461878
394.2115536604887 92.61245360986271 220.12048283610454 120.76321166530246
237.08245421476323 143.4107297269378 460.214176450465 335.2316445802408
47.060100590364016 58.42344578935547 160.60279323976306 290.50816666792736
95.95563782539506 344.5606015091525 205.96348160608989 290.9037290690781
354.0307163610101 325.020950882515 376.2329110516475 824.8514193056353
384.3549731973176 115.51945898596767 318.70806956005123 647.8727639297718
284.24526905941474 17.711677371067935 497.7737506257923 52.00375129583057
359.64553121156297 480.3048346358927 79.0335663987978 895.6997777337624
192.4806751739652 441.96548200566974 294.6958963161342 877.320272668866
12.942312399028026 250.70792677899777 447.26581496413485 880.4223184574764
287.7752533583819 304.9318376435969 424.97743144500413 639.0113591505994
195.6659810262966 280.7668035720453 160.03652189409576 720.5902952949799
415.0633361950814 216.43115031174182 354.79375175644657 492.45672955461526
222.67416417770204 19.25642417342692 459.16568048557554 122.38329725547703
17.68596416693572 193.61581341881038 324.44105458563865 573.6321028269081
299.6824029746054 45.274050234082665 114.33647581792343 365.45320716902273
491.4625867387588 341.624819026527 135.01816052221687 39.0575780982948
126.32758010050577 317.665871274326 112.13154947503125 788.9695880262555
412.42628279156554 198.8033592581118 69.48692504209686 655.6021790827103
495.958176453752 388.515482916444 158.44641284470276 598.4036983542679
48.88303874651848 79.60020361299627 107.36583680472972 453.3598132487729
322.28309698273887 212.41754295261183 18.87003991723867 791.9164023992047
173.40666444944037 103.63605747141918 408.3214605874503 475.83383492766217
190.06048545260376 509.20043812193705 409.30148926773813 324.23544913166023
207.24441312858016 255.2327194994678 230.74704740068915 614.0165706128256
361.4025054599123 305.53650246275595 219.8626026809349 738.7657717525914
157.7620336225047 8.725309242646233 468.46608696447475 657.2604314727555
429.03289120099845 343.10662972671463 506.47407492823424 971.3053048233273
453.5716024502205 103.47265912027405 192.98241362311842 727.4267447754586
60.00055897654664 312.6905524723191 369.33125237178626 955.7564615068262
433.2624089532845 288.3565752365071 442.51572860285125 820.232835716813
461.6025963972614 261.6237368981664 425.8901868466067 794.7329396518738
419.8411446847391 51.51197432985873 116.94170034770372 335.57083653264897
431.91123030291016 25.792445540514052 467.3752603876633 991.830400773648
352.8847192574693 304.5796781338535 186.84329472062274 492.6203499042849
432.13795988118966 438.3555538869606 502.57434159969563 780.6771826797232
132.5036513973675 307.51605433711194 86.56698567087693 770.1814393696206
25.186169799889626 338.5995528284059 498.666366783415 844.2578888732717
80.83716526396518 334.5876230376004 42.04015255533574 371.32465525324056
119.98517970382272 272.1643127377497 105.47044715326706 731.890139638938
253.64584653021615 164.2328888560666 119.76144791523967 418.42818541129145
389.0180322256163 207.81094420743744 385.50895063369734 507.45284732481014
330.8964998102398 11.035400839992349 376.3125122175868 910.2356190956696
186.9644157496067 98.5963806971568 386.363699127615 656.1363154771796
429.97949648112194 45.36303777854346 14.189180732494776 978.5154717258636
408.0964194496481 117.74263053158262 141.01990695367255 108.32968135632348
374.86657957319113 69.38651806513184 268.2946146366188 221.69219999465105
109.16545428852521 257.55745630622107 57.02776164895056 13.68358817648685
451.97039439698636 5.819037813475688 53.62755704034714 487.0023170189276
129.24683634598904 143.4489655913714 127.79227196145246 562.3830561656292
118.70883470891982 60.3304602947336 497.3499127434241 95.54874799720048
105.19559643495177 475.34755555677077 427.70138771468567 477.60787030682303
195.3522129849627 8.289651623100951 292.37967706127876 931.7464886707045
419.15204683410207 370.7317013129744 91.08971502331968 811.4645461305726
124.88245465668678 299.8939405184176 390.3029689473396 891.5818276928527
43.131621963986504 235.2536027990053 273.1642500455588 514.9648096762714
138.28838100796122 3.2669847061122255 317.1348444927136 640.5630095467869
183.7762799932882 378.0626459659494 466.6459162197826 566.731100201075
380.0320989292393 459.7720384035206 481.78866150868447 641.4846731327541
239.67941227230955 239.22950575403246 140.46499204315887 136.20127903206458
8.852332739354665 137.2304609518019 28.560489203928284 146.0574520288831
375.7573079263588 497.0607556571903 476.4064027838112 904.1733143507834
448.9843934793589 166.46756628124575 42.70414238566849 47.184126969530226
99.42313129724016 25.279364661253055 510.3299538275953 772.990893650353
170.73027840042795 47.513417216038704 451.624651734213 681.8920197765767
168.09081540569917 433.92994511202295 52.6613876221341 340.13879383312593
67.55403497053823 142.54873163104514 175.845735451517 669.3555513310378
288.8334433804563 272.04831713903644 52.48004392468198 882.9980276760339
78.9314494589953 466.6117362112523 432.7436365677318 231.65122726112807
123.72263947538227 182.03225766234942 386.20628960948295 966.9885535978236
223.36673746157754 414.4184484856989 284.3218543246806 44.025689718244166
439.9214317766135 297.63792300367686 509.01082462027273 855.0735494533765
208.02678435314994 145.20259583060772 105.59037666418487 593.1233452888249
452.72061661890484 333.843158991725 137.27956731958523 844.8977996720901
63.395884762841945 270.71544569413305 364.07980083048136 554.0324776414093
85.30182331016499 150.5919788123021 244.88432154730089 211.09005305672056
73.13975189921166 55.68393925553556 189.4181223350775 52.01426811427046
275.854319464116 111.58327073144625 290.43415709532917 789.6936452752548
428.42621484112095 440.29580371511247 444.0783297494733 892.6575700493851
406.6128124571719 219.21943863166854 44.88989903225581 274.63224939265774
450.6097965755349 207.93267521754785 352.3869781251575 177.6182219452459
454.89658646818197 407.6433619298586 326.9646787494708 702.8494476057119
278.51478812747143 262.99329636525914 490.7228056633833 658.829137751187
53.5332622835337 418.3306919740376 411.07577939262416 406.14877016959036
179.9298567030906 369.283982938631 223.53607694973624 183.10867374165417
208.13188168620405 462.42958965372185 228.48621820159718 480.94640776496686
139.2851048272961 44.730510594541215 110.07709882482618 162.16493067904247
29.56040251718565 127.20045463698631 443.5880073934447 473.64338022780026
248.4755316093391 435.314735487007 118.45758772940002 884.0046704156358
469.03639184273277 165.3226877664161 510.3959613029365 168.04911232911846
267.14637442766644 460.12889411771675 507.90666064342264 748.1119271138014
490.2227142461269 78.32877970718295 292.51229099550557 377.01048229114144
403.09679056590664 268.77535770126457 346.0463291264001 942.8168796642751
374.998600764448 86.1503847897992 342.7159546257681 199.94144547661108
39.88213463846978 353.1842375455396 286.882187636374 20.45809410714594
453.2154061868766 266.4300480472755 278.51151360262435 289.66438723904275
458.4098961660257 353.0780768664051 324.8074561842183 511.4124660563876
36.761282442631455 410.4741422325336 200.99439904081538 260.5653151377124
234.53837672650957 474.6286913225624 227.8230640987784 719.795216944088
187.32793731981343 255.52687474552755 133.5296908284252 968.8871093227359
333.0539613891171 331.4943335965032 377.09432163852074 421.30211260687554
237.81042099907273 481.7507421006019 460.37336347239653 402.9756637680627
83.91864711285808 118.54443540382147 202.36838186622242 567.1947124249251
367.40037337433324 245.0793040515436 215.83649879013683 783.5398372170566
280.00575138182785 220.01352524711683 75.70057822058226 814.5411656734485
221.4644840687899 399.3780516280879 17.827697019451477 275.7420556365632
99.98912843844056 352.63873728339195 327.67558822582794 142.62304791281576
323.8576313137962 400.6807839216748 150.21326551149718 552.8770166703011
132.67623195157154 408.32765992820975 125.50136599742774 522.0915850247746
96.43009747359997 300.82360220621996 390.16914243031795 261.2204937765441
157.5852017508314 462.5368829468439 417.0448898054082 339.0707833938552
113.24008386298703 471.50779637984164 367.4071663431442 837.209712029807
67.34176655032661 98.02838474676207 277.17302414756824 862.9630104116002
148.94459016729422 238.75260783762724 5.556621613711229 85.45229945581178
20.461010585538645 111.33031279643137 343.80999769230897 894.7706759354256
235.37097143451905 112.71538495837035 503.96109901801765 310.48420790482976
190.56121438173227 493.6188043865451 70.57678644025452 309.23332630981
481.7762589911764 380.5600087291924 2.2790768257416403 66.84562532368432
339.0845726061354 256.3977124287953 449.9963423410078 387.26569034896676
54.92556172811413 176.3768368412576 293.10506590856363 788.5748273457675
339.55828181417013 43.397537218755986 106.77809391943504 697.024124102373
156.98612088920567 258.4639867217549 142.10358345724893 553.9252272092779
287.1972221515748 262.3060104598385 140.76219763272366 400.5421480076217
347.34473227362827 47.717630793178614 487.2972305196225 605.7548453036756
148.1068227015872 44.52789174169459 225.65619474960914 288.5170383529101
125.27271839131413 288.45810611734277 404.0601485441885 144.8351476852373
296.0454162713583 258.67069454573823 41.94869540569846 894.5595322042965
430.9502242965072 457.26898348344014 388.9314564473277 750.212810683304
60.49509790798243 82.53219351244746 372.5863959299957 667.735296240431
194.793033609669 350.62682435048384 294.33870891853536 187.33208267461265
230.29154481041206 225.71036478482506 143.44403112597644 932.918329686192
391.1417927146669 175.93083687326924 134.61611968556286 758.5188752839792
379.46798784069216 34.263242976002005 294.7300475046406 4.560057201407286
349.12565770922555 454.98823655573455 72.7786811504456 476.8843894076089
217.54207685555127 408.9529091688854 82.77227391709124 85.38049051074326
393.9195403969275 71.37389903914169 447.32974270726385 213.37426330770336
278.39465822398296 65.79346124649942 178.06781392948346 869.8875359134486
227.9191454204505 277.5192532867563 270.4491390046613 555.5837289796704
118.80177444089941 277.26631293614224 147.04521447720447 73.44144100665373
319.464236607473 380.84916628548245 236.4472326505424 872.9043116479545
53.62949598792437 152.09785130459738 282.0418156317001 890.534137902172
455.94314686696026 467.85072948608513 470.6429129825015 389.18299268951625
161.3030769303988 252.90273192117047 90.75042260010724 283.8079662053874
437.9044407183651 431.9013693300587 328.72366134473367 620.9475721587866
113.81372337185041 469.02885516862455 3.535614359127976 827.9213137438195
426.71855969600074 189.075786317081 147.1724638969543 303.516216528801
313.4321952404503 140.67069531642403 179.27935603841502 657.994520074331
341.10547538658375 429.73801734022084 313.73412739952613 130.60397219979424
115.70948789234387 159.00517457598073 47.27781376262362 700.4884092159571
70.75449714386656 74.22913202485171 402.6487068994431 220.28426777892096
410.8030165572156 426.1347626507728 495.8230699933087 137.79735509856096
266.83790904954003 344.66348022349405 367.7247395207087 500.53173904939985
110.74468284228561 73.59997830243333 184.32881599463303 985.0238701729496
154.14165860955472 381.4539020122948 11.025741054919251 543.3686315050244
343.5325344029443 51.159490626605304 462.05886613856353 23.348577419222917
159.4872422314291 145.77528886692596 272.00754827722125 139.96360065390357
185.90497670926038 142.7253595515665 496.4930005133425 706.1217808593551
23.54880460950983 326.8173663948681 197.67271802077994 467.89867515893116
3.583736810506821 187.51837778141606 205.01675751386756 852.6122674033854
366.90604100277204 3.47165755207169 70.86567652606107 838.1991445646197
444.8923070099514 361.99823498699874 348.7843238027551 963.4453236457574
349.74291397827335 417.3134623794439 409.7358547710162 534.1453214634581
377.5874148165825 197.98265337159825 289.5314009366574 429.0231623066778
202.1489563115967 199.7088366554852 441.3453578943507 426.7015832224458
389.9270365384643 242.28392604913853 79.8132981735759 96.58881509316785
400.4352335207295 85.28042574337672 235.06559418337974 47.73382650021274
402.14958450382375 286.461430258299 343.52091651736646 319.5090893358592
132.2559170721624 314.53832315202357 343.34555350207904 741.3419939888294
196.59826247429885 460.4606898471122 113.82088864659221 67.61156546552782
349.8204494719112 233.25655856953216 225.4976778676728 254.56886071781327
241.32887190608471 398.0544439485703 146.1410721994111 347.932297535251
282.0644996490331 207.29117541016 270.05337548862224 46.395338972436086
343.13545829236443 189.48924055009337 39.90157151732876 928.3893342972154
277.45948033799783 167.98140942836835 263.50377350178 100.14864909415489
231.831977810868 241.196102024073 308.80759206432583 263.77913502488303
165.69754070902923 114.00565928917541 41.73082683029389 593.5571006639469
167.05822518333798 53.45719447750679 262.46141446941476 561.0120144869585
291.7210037666479 495.27658368836074 48.02516622280541 3.5690233869632992
101.73841815574127 465.3062305914264 18.190761919715726 212.0543674284896
206.1276270842908 66.09625891250266 409.2205703150761 403.983219587744
400.10255266832104 281.52026583946446 190.58247825298093 496.3093746253696
389.30560104050653 334.1470636558716 95.52911118673904 427.513536341013
76.76640366535514 133.29954237555654 112.51719467631813 590.4077902250897
73.61378791171188 295.88578807156824 484.09141148875676 177.37688568350472
19.02566156900258 382.5686444389729 212.63698236838644 497.2944560043695
383.5675589804808 329.42497257406933 90.85439413581742 206.3993751292663
16.7224434207248 185.1496572682326 429.5562447987148 638.3755475441095
367.68368014126463 137.18774738099734 445.4900768829292 918.034943631914
441.4293627954467 329.53762465463024 28.92266363672286 997.5953089942119
103.32030424383379 149.19898927862675 181.4481223375666 517.3130912301015
329.6010374797526 191.6636196036464 84.68599588355175 834.1433502983027
105.63318121412806 199.06428703006657 59.412261417421746 304.6677307516158
343.1895807162997 325.69374328909527 31.01482238566706 689.6932957624304
302.05623872922456 154.14454531244746 471.71708391309323 911.3462933442058
420.94402643753983 267.4928859558482 204.56553106851783 522.0022400679402
415.9694524563156 370.85376920638157 194.38591404985635 811.1669237781857
354.13584100418007 406.2367666504732 302.6945761942209 992.7658280023913
488.8122862718153 219.18263363482657 29.039214152551324 938.1526502686327
359.525510848005 262.90081937460536 240.69714659504325 373.740034118206
319.09708134140516 470.4782771769064 25.53099774372157 613.6319931907475
172.3736034298842 478.19991479350426 182.88704109814603 841.7778790585191
153.1467103064461 294.1131400736116 320.4945585813262 80.74408449617931
410.04407600143986 179.70903938423345 135.54327039628254 394.5889888014843
90.93339420203966 153.2591099042042 0.7061710366332932 158.84277012467717
337.04015111417135 255.3600299580222 423.43089641508595 351.52135649632163
272.8603355236794 50.348250332031796 341.1177781537746 819.5733458733978
363.12068075839085 272.47867468205425 218.42152634370365 464.78752299368955
341.7972926193092 200.33580111542415 264.3512413925504 26.715834209868117
504.582157734905 109.53744115928129 410.28702390115853 28.109763320166458
191.5429366555365 123.5895053402989 127.82103088074888 631.3897802359241
237.0709789008058 478.5347602304658 344.6905775386396 593.676447600599
71.96823081192076 477.4433151436854 195.88484362773778 220.63710943645253
91.31372757759266 285.4934289808762 271.99489459806694 778.1441106142802
11.613641730166648 122.36316242607671 350.0961476681403 279.414674786577
357.1799261593603 350.38006041810365 48.86295168018319 697.2136533853314
482.51937126372155 159.69043333393495 453.39546960829585 151.34336219928946
164.92966476566488 183.83775870305283 270.9321743657875 133.42476274190963
166.87493589948627 150.171688726044 488.0911734393263 389.30010393143465
80.98475850545498 204.44205672161536 98.24747386961025 191.1279404236027
255.80874486252173 283.8427266307 110.495851396072 344.46409385234233
383.95635520356234 423.93442935090496 17.412210966795442 672.3865827230908
43.40111107426901 78.71316076510766 400.23601782161666 853.2429823019462
511.6611172402384 264.34545791665386 219.5309888002451 911.1388840280716
126.83036614537326 296.63792049844545 184.5685866290181 233.85693871368863
309.42304921463136 290.30988351100217 190.32139169870055 691.3681152943412
223.324647512107 377.03029216125736 93.6175945310452 944.2808109045761
399.5438267653715 5.895712735477616 473.0227278419358 209.70449979766136
433.73251653711424 319.8699122208093 23.50096354796767 741.9095403562782
301.16481092286483 453.623836943594 275.50063727895764 704.0723219129646
94.82021891696877 1.3540772064057478 366.9139820214515 903.7632126684703
262.6744730177667 461.2526961721469 89.20259114393855 718.8954736773882
354.6112440240231 386.2422334499334 497.77848972418514 650.9427637483026
385.2598101298086 207.71894575036242 316.2042584409371 931.4462713317963
402.92769619568935 487.86886997410693 496.45298798955565 916.9175835924407
439.3421712867925 95.84035719307565 155.53179543471492 652.0249174810127
5.5890652869778705 3.880250621113646 420.2004520482333 255.211791665652
421.54875357355314 150.41706153120288 35.81434244410468 694.0674218426544
421.58086363306893 272.36249482853765 13.636440519194252 110.40700111188417
466.02789805416023 488.2958498377958 508.22377091367747 291.3941588497273
479.81827718234456 290.7429949872101 90.80377542408422 507.2543324022497
217.61718231519797 68.64430738898801 201.7848126776792 520.429781940113
152.86123094009298 286.7793616116493 149.53598353380494 648.6960619928669
275.219129361097 259.45984976317794 158.4355122760087 984.9841091784482
73.41757120343055 448.09196295357185 477.7397705791815 670.6515215325701
132.4675730588849 163.8064560550286 322.44722762033996 323.79689311970515
15.136379033346543 312.88930406083335 310.1985831662708 647.7979741032957
299.23354157471994 125.64521069316424 471.2290192333897 507.978900074125
454.29853789243936 291.9012793793115 152.05908125894814 736.9953583214848
119.93480008438536 187.38634137205844 220.6969867059836 185.84091887242582
170.50701201286313 188.7134832508139 48.079087710461465 382.21531943587183
152.1637446963473 395.52350249885444 271.4777214467931 666.1207383750085
335.8224141773907 145.77501870554556 323.2585779505559 672.3553482157314
239.07500347897889 101.19640537604505 461.48305881393037 322.62539009087845
327.9351563649564 279.32002811831336 44.36866491569742 768.2844313355263
279.39199107626126 496.66148194132484 371.2278962611457 112.92254380458644
34.80155791255726 179.15356665841313 237.11564848953162 647.3269229146251
420.93891169500506 302.90579442867534 95.18393044962869 37.34782595055797
244.31007956877005 481.02803079382363 171.98558286422195 515.3693112974273
299.81959738550677 456.82776329419966 254.56074194117366 455.71130449156607
266.7653476677808 420.7580701952054 407.3842582297517 122.5113881515264
259.1761758694652 244.66550527481365 7.125427736489996 59.02413326620726
33.52664732867089 200.1083702250976 73.19992755784023 466.41018400578696
126.93132242681838 461.81066245317214 38.19762578335127 156.53870862403485
312.41400412588456 233.60610320370614 407.8758227527511 155.58072025653192
452.53732031193437 107.83410313942329 52.42115827186814 223.7384934595854
432.85220740409596 31.806379049114696 353.48951069993313 864.2232519960282
381.0152576942599 228.67147721820402 367.25240456256586 321.592287947177
86.28422896678802 159.99384081407652 199.53649606395777 178.59401843239365
366.88570478728536 282.82377753200325 337.57077835630764 59.599120023020035
117.10646532720733 54.59157990504207 216.66350124081447 503.26219097928106
328.3924471166687 152.2198165003765 316.5938918530162 693.8083146719083
299.15931390646557 387.3523804851279 48.82635946834222 252.24706402831643
455.58138458216484 425.7620435704813 396.28788077584886 204.1230198720484
322.0321414229337 9.240010743484618 257.6579624316162 848.329207020664
34.67353925437459 78.82164446398389 197.63827293678497 20.81875976701508
271.33535460917204 3.386076916053412 157.2702547580139 730.1393162780622
38.42677122242179 172.76213248306942 141.99266112065663 469.71342796129335
397.60682455915526 214.09108650059466 182.99000450015575 428.465645764184
198.5229439095413 418.5931126721161 16.228600787980554 968.3707850427515
250.79745761321766 193.82796774621227 285.4154714757931 765.7595243856015
133.44845598796798 408.4517266190007 59.21231522661367 952.9225393636523
153.23997435674335 334.7480030942191 103.01117774939547 103.84816868093682
465.9667423522716 426.9787213184874 88.98534925199311 876.800319873748
447.9580857373095 282.2578122076426 367.77309042708026 419.85434667071576
497.9828882264332 363.4025117062007 374.75260300055635 156.1190978791468
39.609416069384906 172.9779948231615 423.5185203640989 842.2280371344485
40.491666083864914 427.0350188343811 368.3191733605302 112.61177496214681
395.8936576904631 242.552260981838 503.39933217265974 223.1217505310058
423.2377129256711 270.86514324573153 65.22029941361285 527.0254546696667
394.671875578632 208.9934367982836 175.64458411540863 743.0198215933749
210.89690040387472 388.5834952804401 320.77105523245 754.0145125645123
449.7996914344628 407.61307977593736 71.38272277041176 931.5787796254218
50.435295524410265 18.70145567349391 170.87545960487824 651.1338218594838
43.67788020871831 243.52217809811822 57.17970361316469 488.48748661470586
469.3073965104147 299.60701931019616 379.5683815490027 999.9902211362933
388.37041654515207 32.41934201849955 114.8356533685544 469.7704474768544
322.6972933699416 177.80228961626574 122.45863852911793 533.5122056196788
216.54305717039233 469.00069057321616 146.68819158912765 389.47565134564263
458.64998343813903 485.8322863472205 241.16551184657106 815.2397400830282
84.71754569494527 321.9284027096767 392.86048945028546 416.4372394721374
300.8279143983872 477.6871028703033 357.56656800586995 753.2984155269309
383.13263952617973 301.1179204396881 186.49097182573155 748.2417284742603
369.64570082978736 170.7184085250629 481.20089570829197 695.6017878589624
481.6857962432721 143.13131969209297 173.0580271376781 385.9015461663462
299.1867338707286 345.7352256735591 103.44063212821891 962.9243342725267
324.5765786554116 92.63485373831901 363.75131906733424 202.54973389827703
277.8459599323843 26.315845430163733 477.4553743443726 32.43191777281107
272.38566101962834 192.91176271568355 488.73949723357566 67.44788957419479
231.1003146690876 398.8784652736563 4.413592817566382 366.84393154480875
19.369539522855405 26.76156715110227 329.54086602570527 833.6643974087973
30.182716055452033 42.039627399086896 279.7679482833056 725.4169107540783
363.3008927422786 249.48510888897147 482.7681754502123 13.220795698561938
83.07082871226464 407.01860698632953 260.9928112004896 442.94436690674945
234.6863007640194 151.03975757746417 338.70665027440214 240.06541959849326
184.3145256854105 14.147277178688455 506.9030528571174 485.96394385059926
160.47429266866033 99.71443353523648 186.75279932605991 92.44884022728395
391.40028687269506 327.9925721131389 495.365765516547 731.1866246055524
250.5720937871526 53.61639559539253 152.67229085685858 640.7809006002315
221.71931891658437 486.06184962221215 504.68510002388973 77.54432016069724
477.27680889284727 173.23453693067768 392.8366901253626 383.6073949815001
209.2814885715248 392.3995750866328 70.47151710423441 380.17825338203335
180.52910449806234 202.78168337671025 506.7909711299695 489.5427078507257
499.77052073519445 510.03420543369015 140.1708808146297 994.8865938181583
115.44387064434346 479.8769414115656 415.96596262248613 323.63472852812225
344.11955390787807 238.1962070951078 42.472296772223274 74.84517619082243
414.3211624232564 61.615130935812886 173.2054542442781 767.871970033283
472.66934929574364 225.5209898138334 41.11697499518965 722.5027885170506
391.91057978437993 350.1914894036604 248.58271307922615 111.43995115436745
64.89271532986942 419.57378888986256 494.2282501638359 935.9943946108394
34.91802228254966 52.18546779294741 87.67384951667105 695.4042503875826
201.75266908286164 285.9303187897234 245.57304884291142 607.8697931912665
246.2350231788153 289.64198438379094 370.52417583715385 84.87185083590765
488.9082154714227 268.23481767776826 347.4354401594452 267.8057944912707
345.64007111232127 347.0482407861426 427.1181045859559 54.00681574453714
99.7707632223615 77.1369105043753 387.7779815456053 555.9533524017778
28.558149355009334 384.07385956727023 300.15682144213605 986.4966783999569
478.7832226290515 179.68609391805535 285.5714626482035 795.3426834820125
183.10743924078986 381.5889458532659 194.6268913445988 442.68401482413844
265.1816089490059 4.74154827891698 166.84040861737742 995.927421188535
444.38212877629917 181.38351885044244 363.89592610974375 211.67620970104784
197.30020616484933 79.57922698811353 139.84485326896885 507.7102214509864
333.01178334445257 428.59222495414696 254.39283883820775 67.10721036208444
304.2867809380779 121.81259855689268 277.2713629667678 414.89568924404864
237.1352462052539 27.712224858334594 87.08623473760207 285.49355068392344
101.05050537075294 33.37899443862068 383.42092593618236 305.4899017019956
319.3425515447808 59.63999444594043 346.68447590777146 370.5071958688599
384.37187824781245 285.3116205271033 333.48581130967483 375.5926767587332
381.77061478135795 166.0333534668353 484.25634861812614 62.134093227400264
442.9775712426158 221.3884965974654 84.8693034942562 513.7202242295843
246.6995275654695 221.7132260398053 471.62434558344887 399.20833081613785
236.7188644990497 88.17883155450897 202.61637751735907 27.2102312638679
17.11256543017396 125.96015771894935 457.2621763116268 953.0261036543576
6.681074429109287 256.48854639938475 130.1242166290652 791.8848205512869
353.9643135045288 42.120307547687275 115.38242788435053 406.97884898075455
236.26909941440942 268.8053157846594 11.77306557650411 353.45600186893455
261.80884316266054 355.0847272246586 59.15872328267454 720.2148715978619
53.48495468310665 418.25706204241686 386.2141424732525 718.015649096239
335.0019104103186 505.23720071614684 461.045681639471 770.997285431611
284.2972144474583 471.0381994637839 477.9723734500247 540.9843178610697
387.34985239595255 173.95226987604576 382.82276764498334 434.58219387878205
321.8628432674773 20.36293805123222 29.2190706150231 113.27022722979963
122.45670145952931 123.43531086998581 35.077938622774354 883.1306087561118
9.27020303627728 311.2164176889323 2.173948319075464 947.0561438710508
265.1470888231492 396.7532310965906 375.3614809186589 564.1545264085178
270.28911748326306 162.55265439213082 315.2721246742606 614.2146273564813
244.54946435076948 311.6750195617504 242.73820526206435 239.21357563374102
335.53858998846624 131.96580330468254 66.19181226249702 12.54831475405438
18.76192875876677 308.7165848598645 174.77304520008772 352.1903804128013
137.62635791805826 58.3984482510898 61.15516122751484 25.80042756703138
67.24445572219452 329.30046679444604 17.44129349429528 618.7956948485864
165.9743584848356 422.7372939692038 433.57367721651224 261.18591128524514
124.64719607367806 398.4007536154193 114.84802809133964 772.4306269837676
183.6748581349317 477.3501248489644 232.99014151075102 692.7823682729726
318.9160131112745 117.79691220410524 146.60633590931553 350.5846655912872
352.0027963627082 453.8784437654964 458.54936359178595 20.13140953077741
100.96882341639463 140.1277015065358 269.96698395127464 66.92339362098643
0.8799180229859758 82.33198466483753 476.32182917332284 821.3645528196413
302.99958364543266 66.42289121190612 430.46481729291037 129.28800392746643
366.8957963345256 38.17085219772906 503.82066855898125 807.9984940115414
79.07236436729153 278.412074611397 216.7072056380614 222.28455197153062
349.41742527478476 216.82946501427614 360.8447570832932 483.635601663174
22.130809846806585 271.3487613229382 50.46080658604069 41.576862411995094
114.4704755346267 204.07007771069192 436.21189985220855 489.1501020002436
477.6971386771207 166.7240471311058 205.2678383551917 556.3784674718953
437.60980008615815 418.9261678184427 162.12539616261904 220.72465811160856
44.8378353690058 427.0949520817171 316.5345458193211 863.0452784229168
236.7327396225598 76.41010964194584 281.81501799259144 433.59139186192675
350.04067256365005 78.50544408004981 500.5759986455847 920.2937035204752
21.01304491034108 455.4914511448176 445.12276125792636 502.2608354992412
127.19908851437134 156.82611838520285 197.51777613966868 640.6787742179033
62.11569597108496 235.9801867649959 346.3978446207147 72.29620281093618
195.1463443302115 275.15297325373507 327.47175492730724 221.6466055779077
312.91976279127823 37.38739784963093 194.29323030367271 795.2910578763708
88.21198649393767 295.39426835293676 493.286449757115 164.40724371443838
448.0875928606868 376.71789541290184 261.5374119464561 779.6062723990134
127.52384064737578 192.5314967450159 499.5611295288323 426.22451767361656
327.8600970855577 20.27610550155623 51.65441324213634 106.20027892268958
154.45994772414736 299.87665171993996 329.8420066781835 17.165728357494636
299.47722098708664 292.3426013164031 191.59604604068556 666.8499144676085
135.38295787861904 80.9841570844107 442.89872375411085 829.565404189033
290.59781553017143 16.80956205467453 191.03814551177618 543.3197518563195
279.54799743691655 501.96175067084084 428.8640979739719 874.8167076716816
193.87452290462915 492.49269670479805 390.6506020992294 214.0655990184981
336.10159404136704 459.5231934089665 137.60944164795563 302.2228925467769
174.0613752108053 46.991742681559344 27.702553886410954 8.06567932857094
98.42178659360354 283.44274607097196 246.50870122933225 27.703013197081795
89.93748302889901 349.90149302105783 130.27764916935672 65.17198362481113
192.621396231296 255.02220676228558 429.4467563842086 829.7207951928636
257.5444983692443 393.77816802748487 4.301886107627922 600.6714440842417
287.2902507489546 49.57917030221262 391.5559941915827 18.110732827510745
4.6776001544888 492.51492548665675 160.7669694337401 653.7181234385591
383.66984271035 190.02122498205563 409.67996734465436 639.5458662089345
67.43829617739539 140.17867560878085 181.80938161053712 684.7050989915555
379.58486268250874 135.114348497327 303.26152133603745 893.937393796043
175.15736813107867 248.3239440682272 504.7512782998218 636.5846698028311
189.32167728889334 382.5006271561009 223.55727881587865 733.7635688290451
101.72124405237668 114.1862221788839 77.56612548131983 384.23847080370655
240.75370191008744 83.08987420117234 414.96067902010606 827.6083872844206
186.6739748905781 16.439513753403048 406.9342921976154 232.17661227918472
458.1402360309224 3.5162855681137444 251.10101151813615 501.7831554716473
482.9561075552804 488.76335405275074 387.7440153829504 477.9714329768172
71.64367200380832 402.8558339316253 355.91798928942256 455.20613544159306
238.1105710495376 70.8778084049568 204.12392734753365 875.2358318210735
332.2792229821886 152.35591913547722 412.8927573595197 202.0491063372035
276.6903211009217 294.6358175447361 269.3736877078042 503.32874105189927
138.6048806223572 362.3012673076254 138.8398804120481 784.1993101812153
169.91850160427452 99.44008043049132 233.0732358920406 613.3840177770422
265.8548703088528 430.97360997321454 108.360858037853 171.20165401790211
199.157029685915 471.21221894342585 95.27434649068266 865.3825377633958
177.591351592754 161.50912232493198 95.27997691752432 802.8328419354518
170.04810697623054 108.95328223034807 339.79938770493726 435.14300951859343
94.2462629495779 282.89891323695696 13.018218034885592 387.9520336224563
74.31347893299807 446.3193524777119 392.4883801291822 45.288877127410586
148.11206302153954 207.49382152392343 468.0291247668078 176.0505904609455
264.73663974626254 82.55600741476576 236.5820381531101 616.4796552300581
181.80200820700122 160.18134186547184 7.58664211808599 399.44275862841226
298.2570179810068 261.5071307728744 328.43267941200554 562.8700153114162
102.85724270895201 340.33187743887834 25.379085813466645 634.5577452407852
225.39152773074102 478.985089482966 479.66415273464236 622.1720224182695
230.07639999563798 168.53794074319018 337.39724366067054 997.8417066962492
288.9806668325657 104.98626971134536 317.0395474130551 868.3016494495164
205.74610380403243 211.10772365817223 263.849965415011 223.97885506213143
293.79167782166445 121.06659116695084 140.207094345393 592.7700046509688
84.92707283104676 271.55824124339466 184.11450563538233 116.16022402819526
386.106761380634 391.8039277571819 179.60784984512816 627.6287600513493
241.20014124705358 379.1687529793274 242.90666990682854 492.6426226775014
287.7066448492952 508.66841439751244 323.67214448333846 756.7636756302652
292.6388981664789 66.75585837306517 318.33003601574427 76.4350042905375
486.0313764417975 281.732523826392 325.7556086726273 461.99459538273334
312.31307840070656 233.24728410548278 189.22970974412482 384.21191550732516
127.77707391332547 226.35172129948404 414.440865339344 234.08146804018304
444.71490193690795 452.79686885991106 502.3314986190182 822.5842939013677
57.32722848990642 239.5997625800735 478.33006347819514 419.4900197133382
318.58195927628054 363.7244084447482 102.48021662954329 831.5980071465693
483.28170836854383 230.54427959181078 495.39783653269996 383.6721340211556
203.75598139545048 76.31598109608814 448.69932865847994 625.4459163669923
308.02151235543255 34.70397354739697 28.205170873939835 400.8140457693187
228.84428984410835 4.542757615226435 285.3962912360031 757.2906774609329
60.66361786847801 422.62138503314327 32.9709914122019 244.01719603295834
255.60260984772515 35.172341762429255 115.24613873822875 488.96022815993035
124.97577962813142 502.68578530515083 302.4450125866675 561.2164021891325
364.27174522524206 13.697342645968604 261.49184827112447 122.94007415359643
346.88447057074666 38.053817074958545 369.5066221848572 394.07829092780423
210.43175836596367 314.4200063481364 397.6546552991979 966.6259200985498
161.19724041912815 124.20643650857761 285.33529877659356 444.4115537187697
508.99196197133307 200.8010371461068 414.82482040899714 868.919750793029
74.05894168026776 174.95237139004666 259.4388823786966 199.97882072176665
251.4055062258255 322.7495715218424 337.48682652544557 655.0667421880781
503.9151444128809 437.66332321484373 66.50493199247097 4.225700959282097
266.50256723516554 378.5002411011902 510.01721039020026 739.6332137498844
275.55908469399054 214.15009044252366 66.88219145134491 501.2696395451365
174.98986130739615 286.5041859477567 455.649442385347 604.9680368619547
369.47677046594765 364.1219495163016 57.73869562892901 627.4199728556428
184.3583078925858 416.4840835009939 245.99683873559093 297.67642154296857
214.50612807939194 16.410509125204896 396.5129726652455 436.92394517503465
455.2836568350345 58.070720463362306 56.79657194155271 817.4201572760586
288.43074390356645 378.48099441743847 500.4715732107105 976.3212672439608
252.7050864072823 252.02608454145627 397.19746640749423 871.182403578158
182.09544922201314 371.00425712491943 213.77719766732076 820.4092890835232
474.9016208803084 247.91015239177858 295.7316729967366 577.2985242597915
473.33340060364736 136.82509694022673 474.409134548555 425.3795746367768
166.62039182749135 203.4755163636808 480.0568967111194 720.9004352580151
353.1776264262043 358.4969800171182 478.6546635327911 402.20889824241647
502.78420078376286 501.75036218882394 256.2526465537066 248.18762955523167
484.5324394494317 283.62773447005924 161.39828475223402 341.2648280882423
103.56148568835658 325.84777243784714 102.86942104168037 553.054336534617
223.7459627100099 307.1761918991848 475.31009470046064 780.8352349706728
263.5896335851604 117.95802648178324 458.97251749103276 234.47613906063947
81.78087556481006 354.71597368360057 109.49619587153722 892.6480082215064
395.41004454187873 377.58512390208597 379.6575723737866 453.1000918046342
55.5872545935369 232.60220361101278 347.50761734091446 39.58020037629295
457.9740469043407 244.441347029724 111.10715682802936 999.955460873376
265.2169859066131 314.0106563435582 441.2583329300649 522.8911838299839
187.25090760504088 76.84611687113124 88.37860715806084 978.7742421251658
301.76353329520407 204.48116891997887 476.8429329772389 607.3942376521121
121.78512253648859 280.12507771389494 424.4368218393872 221.54015721608255
130.75191508369915 16.9419069909747 367.4833061112401 242.28186911990667
97.82531444352492 225.3777246479558 285.26512639104203 764.7967907014514
393.90471355506736 232.4407426853432 440.11079162340127 914.5297966449148
436.2693058242056 12.201358227484093 324.05841751847043 14.209381570159607
180.50491141795914 78.03096303188289 420.36232939239585 802.3620585623588
480.49716787548107 274.4875560582397 457.07548441217494 318.7427132536235
124.7890035966119 288.7171154276089 8.791816240673484 924.0798371685764
408.7551398887448 492.49544529417534 173.85621985970062 971.9080282484924
53.735656862060296 424.2754314729453 268.5381940498026 198.00253246202482
319.2798193915296 386.6279409889989 10.198509428239504 449.9042350064063
168.1202956452098 405.44755089894363 458.91280747690814 95.06653903858265
294.6967347941225 306.6912514968705 224.5352575782291 905.206480620341
267.785518659485 76.53800708625846 0.8745517106772809 22.602587778492445
424.4031843477772 266.17089734987655 126.19755202025857 492.0761863126355
385.704956315945 137.15964393255746 155.4947158071617 717.0978409705842
86.30951858053209 350.43535634620395 29.438815218975662 582.9536234242505
247.59185906340798 247.6410307860245 459.16978366990344 606.0099681568688
118.4379254275118 176.33824858836044 443.04477240848695 847.9730493639382
55.68943468635814 14.652329646948886 205.04586556028056 52.012764102144395
118.3471723925876 269.1303148820321 348.144274750551 294.514347982027
341.56696568991777 402.6007090060218 459.3901794825649 823.8076611123464
5.709622090553125 293.9827689939336 188.88199756517048 894.4782081664198
331.1827883030325 348.7848745397457 291.1365439863001 882.4791824851238
511.7827270308891 32.62478694637565 101.49251828227153 193.65909011572523
483.29682429293774 265.21664295993315 377.0197767887145 1.8024409426693477
117.22834578155351 457.99139951502616 495.7553183780601 333.0961426311027
464.7440866268457 188.20757165488482 237.97666232124396 99.01241547423767
510.3737775679892 89.34962182847994 157.24408557055074 498.225145619938
329.9027371800854 411.10163846096475 127.99568081617434 116.49599289805623
338.3300197915575 340.42209911030255 348.6643322760364 348.6909270121408
50.759352636507174 490.6881446694032 166.39559144982502 958.5839889006605
147.23685411452914 501.83317997958306 287.4356424189782 362.27748031749405
139.78755219673303 501.41773170851474 195.63408835840147 611.8266109554265
363.05979357531226 70.28239803030874 306.84955295670716 547.4974339155817
112.36666408154093 122.51706821206585 118.78855717590665 744.1613079433475
390.9927586926375 229.19767042947956 389.28393574267216 290.25101384235865
442.633980940482 243.71955867457376 502.62831454682856 388.79777796881024
371.93069407096044 85.18970820188957 449.6593619054402 522.6064211909974
189.25087988564377 480.224984833089 220.55563896296547 172.40827284996053
498.72866267222463 161.48575573376985 69.38010043967614 336.6739814114617
363.6155275718517 255.95511318704047 477.68906492776415 775.6458833869304
163.94309067509266 473.98002456912246 411.37424294948084 224.40885798262912
511.9636133573894 106.82996346514005 293.65361181298306 311.09111306294903
427.28999198513253 62.98947890636458 239.6069467799099 39.770200892661144
429.34799211886923 393.37365284925016 486.3753197310889 481.7611002638326
15.87745086799174 258.4786789080784 382.8051913551972 758.7352983912962
125.16243109063623 84.04199389269036 447.94559676085635 94.64601246741289
213.3009427720022 446.1484511876564 432.765030648757 800.5709950791965
266.81709317589093 256.82046448716187 345.6835215048404 646.2814919834038
253.73039324983478 232.33478862818714 334.2365278057152 533.3347891702019
81.24437762703758 485.2063210108193 294.42353732284386 398.85048589563
26.37490005220542 282.72466271564247 492.97156964451574 992.5326666794915
117.60127015309894 3.058827711579511 338.99470485051984 758.3915586328109
245.03264090736388 429.1769316864315 209.01727709570912 814.6691646458858
311.7984829248442 108.27856162262339 47.99560745204042 679.2267289462915
343.5596967601683 80.63032808567237 38.34821972810829 28.283083783621542
101.02198118898582 120.07255956320103 44.86092850331772 434.12919938727345
295.72729002569895 214.97927173448846 205.40064774093042 586.835723781863
231.7054132449012 371.46748887413526 220.04622183448885 882.8005419358358
404.71766488157266 91.15351876542252 489.4781685860342 220.3799233885807
386.6783712261759 228.63819244892056 392.4296684089943 496.368009093881
169.07631253972795 327.1770852974127 398.80077524847576 383.3406926810835
120.43019829768065 30.373558510586292 54.55146172559523 690.7280288050433
454.61859741141257 65.668466896567 60.97931463518546 76.17571496280506
83.64694046776907 34.723266791947424 358.4756734722529 734.3767486878883
345.7311722070355 23.040058272906663 280.06287184153865 154.64371305067604
509.92838322771394 356.16062118659084 455.82873057823815 22.74455596244829
44.63353546233719 29.36402918639982 249.33775253313513 458.7253632062851
258.7130151284937 171.18817789821657 465.23175395206255 24.067219002721796
88.97276253668775 33.62599306277434 150.5596738324448 675.0293954949323
183.7632841005933 433.68721035463733 486.190283417203 286.541062342513
192.27558132146441 44.69106089617651 408.642678331522 939.5091537076559
374.10376500496994 314.7637662737706 171.85165554557443 749.0890186173398
311.6000405376301 222.1957958218211 79.6087400389356 669.5439258615569
429.42988086713143 478.2537283577365 152.7954349656291 849.8666545020536
290.7542440133257 175.57446334905023 53.49944109808217 32.17770821202348
469.91839803180187 359.18501716013833 15.710158776260585 796.9661181936644
214.30546654754187 269.7708925143641 476.46212910278115 392.65438767884297
247.34816587727028 172.59730263619423 275.34056328568914 81.59999747204493
324.45166081696794 379.24463491179904 66.99928684999458 281.52123741591384
274.6507132300485 470.6785111681732 222.15868306690635 542.1869199306699
78.62508610796357 296.3431358807345 483.903535368674 700.4714039501013
258.1433837843831 278.9076525509084 405.9612296816028 702.7137892923702
201.47299275013046 309.61348675503194 15.755202764907324 338.5244669370679
191.76444267309842 270.67987544077516 167.4394174992217 816.0479059932318
424.54448095075 33.18752282787392 383.7975366285581 817.1940036159917
275.7954494850603 135.32379380615492 504.1774219036668 840.7321564305266
510.6419616582287 396.8267896833719 97.5495781720121 379.8417414438521
428.19067965721894 501.0004682296226 345.61327388310576 645.6688420100584
202.83965570594518 309.70895913872897 502.9436652128739 17.794924892659324
508.10104147834164 190.52426462767164 181.15653310570474 317.8517326560688
383.70126491023143 388.15934716061065 74.51597591508414 495.2850049009099
372.6222022950152 322.81407346018585 376.6293183867665 326.76164236933016
8.964810565913297 87.84514346326864 387.992490778239 454.8869295697885
282.15758559418856 334.5324366651592 200.34334115754046 572.6956825925256
313.79321256175984 466.3261283375597 415.5728316860057 333.7744645595371
415.60384235110286 373.2979294770094 108.46132903176323 256.47079025107945
164.43668263108657 361.85006342513003 246.92956799431977 426.84412139904015
50.718988965437404 475.5268372053623 64.11211151096114 528.9950046271172
441.81564297069986 312.4773444301364 215.6988439678455 351.5744395930922
233.33586372659488 323.4568586433778 440.60572848702645 960.7842005086638
411.25446808952074 194.42047098483891 110.58382733375032 318.7661533781387
128.18820872140913 357.3698828757071 342.16917900385346 350.69825951395217
124.07732500738712 463.9731909426043 264.422869937599 829.5833106911546
498.09373597563257 328.4511145876805 490.8740689630891 362.81035546069216
137.31958410050078 426.98435471304583 246.20694060167176 973.4351192556821
303.8508905293625 353.1733261352053 239.94741312235817 198.28991602469603
34.28552743852924 295.15561633509634 195.4514564344476 550.005061233032
436.40384282156816 160.9753369889529 369.3774090447217 452.24241227087805
364.5530311023673 309.1782304789737 270.478913672002 427.00372113647353
3.1544835188396974 496.3247211988126 124.05390632647374 99.45524104845194
156.41796275367727 129.79469399663685 212.65955996478237 136.78132229819497
309.39545181236326 145.4315788207872 306.4581589456889 375.8079634187864
35.498081954988606 433.85361266678393 84.95296864293613 185.06566992820305
331.0158092258284 97.93424211023853 332.48248950844487 990.5419469712459
163.59389648879142 181.77733924570344 140.10972105490225 88.46801596356346
474.1817460943666 260.86356198717414 436.4134089232432 463.961388032273
439.6585342225398 207.29724969757103 438.52518853845373 996.4411351947286
306.11352282919273 25.835843413157022 403.8670964843353 182.69012158708085
190.1099320406219 307.16645207359244 193.59227617693983 267.0162474394614
391.110994672711 417.9647761372686 381.0540165473862 570.469479539811
510.0396725681889 165.19697999370032 483.5101727268029 577.6927160580658
260.59881590209403 378.4788412865332 197.33108211299867 604.122583227147
121.40457962830726 226.24272164584573 309.6022639572908 89.89910911191046
174.5001150538571 187.69276963777662 330.96042805300806 897.3309606366453
459.291301839911 474.7699477890202 392.85153939941915 823.4089480804159
35.560855827208 365.0153266274757 259.8954771867784 143.9636279878157
252.61070162813905 319.64067295779995 498.8948398999024 485.9388912156706
497.824639698452 465.53332870431757 434.2423790201098 91.8092188046833
225.07173319315564 136.17621515190973 444.5073295750063 456.7244508681386
92.46609328387109 501.5283652700036 255.1419702323363 633.274269438398
211.63453948683525 259.740517151089 377.6092919668092 422.7027201640408
418.75637690065037 383.13711640110324 343.9789904839894 473.7913164374796
78.85308192373236 467.3887532873417 57.49862805275848 560.9807972412425
409.7815415637966 347.6952968470612 283.52652145802426 316.83428024647
408.6634770029473 274.5287999431697 65.7163429701011 289.3998750202356
234.13265835714054 40.1324797618085 471.63575066738184 363.16370600070127
280.49039618625994 416.8287239635705 305.4340807256335 374.0435070478014
260.56408552140323 322.30394846534244 481.58560266753364 66.37296815603122
260.44951514906035 432.5386814246686 18.086512978064093 121.83918266441596
300.60740899041144 292.87092070993305 241.97753090549298 705.2679255273495
417.95576198483195 264.59936028239514 310.2305402309036 845.2513603141446
197.32393059880076 416.6992844565848 40.36437554282065 766.110411614473
232.92198884472748 263.45717397091954 205.61898860733942 535.8335532158449
115.10322412267038 163.53700334187147 300.87299714070946 465.2943663540344
200.75369295783793 155.4942250194827 11.430842825844593 716.9737756971568
159.25393492888236 234.02012259512668 472.95331274782643 689.1149974011058
503.8657242985464 239.0676228154445 243.52050284777044 909.4925099634822
265.67715406613087 225.18033447790935 460.35934445105244 281.75374240256656
373.0603331832328 481.77670680246797 61.46583006218168 210.1847157663307
411.222353594225 134.34429452755978 258.95681716060653 346.434635528569
267.86915662921695 257.6866423467808 29.95367906830404 390.3479157310652
331.50183188532424 96.42359677687801 128.0328401792974 437.05100323668864
508.81869454748266 166.76909112973613 465.3625043181061 609.5845346096444
231.92834255097029 154.08850774261657 253.90866089274977 561.0321639500063
269.560761276651 38.70146972437266 465.9118458585005 35.57955242420241
215.24843523131375 224.7843535769706 11.258998990601754 849.8782565596177
291.13573473236994 391.6170420210018 405.1118542132877 922.4674146069913
253.6183225268328 160.89061920507288 5.403670864749017 707.5505123154254
100.86720098400627 31.726357193094373 414.3902390528762 78.92596126865247
352.94525958631186 269.33152256252697 296.03037432667645 237.06699582169688
355.0357065634229 484.7422819194026 217.47764085496385 443.0399598506115
157.75943381376953 350.3799788060388 24.212589607959387 173.99263934321263
408.868714104575 415.8567353829962 275.32054295603456 1.9708566800550331
435.16787733033425 37.87144666544759 276.98112605282023 298.1099333729481
14.409430403243505 62.29079284278487 56.2152983811489 329.2340177464976
52.47769123950877 398.89721647921095 435.0167114566254 866.2987987876369
145.94578475269213 375.7996477307114 282.01815957383906 773.0322453216287
47.31448900844953 84.4040099669781 252.63056909443026 272.37729064821656
393.1798906491877 510.03291762371816 250.6770457553544 640.1622094493302
201.59518570986546 450.3383489183145 120.2438593189272 176.32407799169914
223.83290978322094 46.29706808747147 325.57969584394914 984.732238698372
149.4209530478911 113.52715299917173 445.6366349203461 770.0627043277308
511.2269838839625 443.18263942211644 230.74451462148494 428.4753293107101
127.83958177599493 105.74553371082402 140.3555739882686 491.13636477215204
31.748313155357437 170.59376530071802 463.3401026086972 166.09834877148077
243.74681218253238 153.81276703093187 263.8046422008896 981.7341866857842
407.38335357993725 134.8738014498901 15.849215305440225 20.466469491185137
20.998209733573958 217.68427127973752 363.5716654682363 986.1408259810725
465.8781137381434 452.800115342088 190.70403431004064 293.52129481039447
464.6016159013772 59.278621014991074 143.1006425268742 900.3496337716635
1.1039010870354105 11.249132248378771 177.71232046398848 923.7945736311756
257.3508827618105 114.64790486905156 182.22014804508274 326.11342448101067
125.62108379198025 143.05755800398816 415.50306934042993 99.06189883193971
284.93833456434896 14.342257401372365 170.50470303427426 448.96224200396017
205.54352774591598 0.37384594697766715 442.68218472752903 816.1125064390523
98.68171031978721 374.56426815856105 369.26814061719045 768.2793046114768
241.929556369254 502.63964920192564 149.4796799011325 134.44466359708207
427.3880868437559 190.04887153141254 185.74232986752202 715.5759902055748
19.73369159915876 432.91019915427836 271.518495728648 294.9026760695165
159.23414300506624 14.755755842871224 29.28742727787403 766.9288833170542
479.93389819724183 412.2052370184946 290.48407563679797 326.7036434961308
167.0334091210985 384.48226240622495 177.24986581653945 208.53575462030506
212.11070067395235 435.7004500032032 402.46202497755155 204.95549926176048
290.81157085159833 354.05288853285174 283.9543652149495 309.85599967682964
418.8993109240229 358.55033984334216 144.6115477327972 90.81561602864396
247.81457866580178 447.8115123028326 127.9379464188192 594.2910785662178
177.67418610987647 172.382640747577 197.13695959059964 640.1089467031259
421.8490262040314 268.653988995605 326.2555990391763 777.1521166263437
476.9300102672303 208.6541130817024 344.5417669989991 570.7583724401782
246.3661983607197 68.80994316608377 280.1253940301044 816.9531201681202
277.1437944335252 405.3003897230089 37.279376261047275 644.8084091445148
332.6888059869459 468.9016228467313 247.14268994518477 167.15080886908885
355.49507445153426 141.6466915442433 415.62481284074 7.7440439974091335
290.7033797087477 75.28706320196363 192.2929496734149 103.48626408672634
447.4312883980361 453.83506712041236 107.55285958784117 619.8196622946424
137.0346087008379 96.41627411015406 206.17103178020585 387.87125498907204
133.69129317372222 336.82885946157705 245.97384146750358 277.62675164120344
260.7850373440188 163.90306177456682 380.5019017508767 853.4986873504803
211.82738394940952 310.95513258039836 503.8377465158372 743.2415288479199
123.81497025700037 480.4543856634564 395.3570136645252 560.1167423630698
114.81436058680589 308.6271541527734 193.8817668288691 494.49378560935344
187.74684185066207 136.78568123307662 410.03312435871476 689.4603739137203
291.7954850363127 264.69110349327815 37.99993754803273 804.1221580768682
502.8990194357555 495.03876502673086 435.7607831310924 715.8811138828579
295.51332639641146 318.1160436108896 121.65099000888421 126.597251139425
460.6208581550975 128.86240073411403 62.36010887194499 454.0521830744979
503.1698937724363 195.54606651210918 189.67698997761994 459.83481761526724
410.51371304649376 414.81808660676865 267.17123533584817 870.498389549161
197.68701818514614 408.07992317027555 326.37832708105697 33.36958145311597
493.42910445371086 118.63240575665759 360.2610240539397 769.6793068845253
17.383841558372694 203.59519302143906 189.32251553173086 710.8295128867347
167.31074216245486 426.30669932832006 27.193650154848456 848.9702035764425
478.76487481077925 458.98195983749724 259.0648790667906 811.2186708917657
365.09537056112777 376.08066179517994 396.3683787944204 153.39018084372347
181.16256751243998 303.12245903713773 428.5129697273725 766.0514055161607
81.89884704976305 82.72168547728864 49.50362859217631 410.6660325737196
259.9769550049414 261.1795907799996 94.12235914432222 515.6912091533105
450.49559866266134 119.34961267914167 224.135659154444 492.27251708080087
66.37347614752082 83.54451449574572 323.5190311979027 905.3983778343018
54.23474700358008 17.639554700486258 432.60404802609696 798.2986197853828
245.36297996160027 172.73048833312032 430.91833006647215 588.8021978809267
43.80147342291974 73.48300777714837 329.62391935845255 207.42127712399437
244.85492306873545 206.54781179755787 220.74587740177265 161.66599267909533
222.82827012243456 231.36248473574432 49.040618629183484 668.0143908869065
86.27966412728506 492.8315011727237 483.52398732821496 784.833502340319
220.70942571855284 56.566551854699014 136.9796423654367 259.8036201060752
199.3568749241698 433.12000922711593 117.09134796929828 563.1246385563478
5.162562201484377 235.33820435371553 69.24676167467237 752.9068654382518
37.10908564254879 386.9858292509637 461.08646701346026 537.0936947475975
91.83796788081582 478.7621816886784 105.0101007650855 175.0820610355406
132.11644183603045 186.9157474196562 166.98708949456562 720.9709066730796
457.2780201545476 165.61242674235478 356.09745484321024 575.6454552835775
110.61700239432759 180.7923493629445 502.4530454130899 504.174831383956
491.1999210782264 34.966539280198845 135.81187127719096 853.9301625755479
96.04575956726939 379.3731234921505 38.06006082822978 321.2779699217514
84.60040319155155 6.637725313285387 230.77434515552534 124.04278831316017
448.28491077624346 350.84242059643213 332.99978667090613 136.64092947652972
284.3951973739601 347.08737233753146 350.4393768655214 742.2767662518828
452.954628400477 116.56638527292262 138.56434209163473 995.6904233321029
119.68309315411523 206.5917711366368 446.8766289359428 204.41584118741306
258.32835183910976 96.96372243435036 55.476316777181296 500.35734575154055
41.71281593043875 213.80951248900095 24.915657042380417 572.0992801564986
479.4648304278432 149.2908591856313 46.73179908935458 608.580564109666
416.72797096100294 163.07109844872156 341.076467655798 755.3098985711105
290.5739635848099 121.70634167081562 18.101985342699493 728.67909863397
376.5003544418898 136.3767105429293 190.33442404872272 410.00975253285077
306.39814471812514 376.7585999559764 53.0158707494802 736.9256554685389
336.3088555487443 363.0455001773315 425.46389987056966 295.83180876657224
165.51672186142042 201.8464091117649 3.4266805625534857 219.30579779137605
129.83745351276133 469.3084914710527 334.2263381637713 7.816189790850858
108.37431152947312 147.8587206113708 278.5464087583643 508.13701586648585
58.39396995201872 62.265598452606525 231.38750953997481 115.09089914218573
249.56444145717006 144.40696320707622 350.17239571203004 269.6985877914115
15.277880178859675 11.011956366801712 455.6193613154157 712.0999278201797
493.69965046050334 99.43471662718014 275.313393789515 334.9444959615875
14.48055095414145 476.43238307717786 33.1238677614117 365.9389429032217
183.59435908308382 507.70874534841926 287.21181180119567 792.7433246086492
170.6085159265536 3.8248276750065315 463.19642695515915 323.2168756586967
357.74245641481906 226.7508920793046 330.7339062346791 5.844947930605859
467.43678260072494 318.6392210672272 38.58975078721477 450.0954628433366
351.0392420100342 443.7845706236159 336.66475170146595 129.025992167359
320.88401732612846 74.7412853148312 204.7030142513762 860.530514987309
124.79875431553404 84.0415251527732 405.51231299974273 635.9980849387651
381.9845995495775 146.83064245808845 510.408415309055 384.755414493622
246.69222407026672 390.77403346484704 404.1014620548061 107.75399688653941
34.5740330241743 480.2145979516791 194.66731032743587 410.92626458771775
388.4684047706988 500.6589754568005 384.21102781464907 100.40572331838472
117.69691874277959 48.25587633767276 401.87929313043986 267.3317410408185
499.0736594258759 339.2652555388152 294.32862398039777 513.009585045627
451.8162169618769 294.81696808010815 207.86465378623376 932.6084854699185
383.2805774829852 251.1166276130636 501.67650203301775 655.519456248586
209.39848684112064 162.89266906473932 340.7572212691275 420.19189054780315
273.81190931395764 106.5164063670349 328.8969089173995 161.60598457810548
500.72089325377124 421.9869109777073 59.18136556900339 125.68215773361369
12.098541538399786 158.19394778996462 333.6081087981155 862.034911052662
30.100455819598494 448.8601124344011 278.1928489595066 398.9162242861921
486.8809577624444 257.33838197479963 7.753948174493985 792.5121864495541
332.3759085287734 158.94160380931277 379.51211399280066 657.4838300470103
114.5113291593928 468.16748935295783 368.1896589422438 750.7143598426004
276.8801546895388 8.47275540500226 422.15278692574617 551.4699477771785
158.52179492031013 89.64057727851093 222.68349763119693 861.4239113066388
423.7953557182336 79.69948813120493 52.23237846018611 372.19887537934125
385.3113560278261 211.50964456176945 144.2503260192844 475.6319393170444
4.679871435171265 319.8867385459453 367.53324333904294 83.74252953487371
141.67551932950033 52.748671667987935 7.988596215649181 265.23500884527175
302.15431766647987 234.71948370685885 43.99533105533641 79.56029181323888
469.88196800851046 293.8146673038539 484.895259676358 283.0240309634111
314.93647385820947 223.49299318375353 15.768684908724424 233.27979025770884
223.81930537246745 439.0492413034386 17.086939811033517 291.48200543132754
65.33556631470623 259.4417441502347 346.7064280446231 977.2293913998981
105.4636019566625 331.0224792348608 382.9082001104699 713.8679553124243
122.76482908948026 101.11769960486856 186.54581458480965 198.3303270438579
500.40303744054194 98.72400712111732 259.9972592345202 991.2411668962523
265.0444333682326 159.24471907280463 64.36832655405522 945.4225428622722
86.93177607581106 102.39056711643332 30.729020986508715 415.5943359175043
215.7756602087277 356.00250774379657 154.30806664000664 988.0211200951545
66.93184186796651 143.57976251917006 66.1650552431708 81.595539928225
128.53160895669856 236.34659450566727 434.609111651012 830.2109207964128
353.1511894576573 277.0407701255664 174.66111090777764 44.2016390772264
196.43355037367968 150.24472718096382 480.79176727217384 438.4040326680021
437.08281745665965 234.3702454949253 440.50057064653606 987.9749811108607
336.160957471409 258.8123625465553 313.74127774248933 79.28433187395223
89.35368882226925 446.68588763878273 348.56680976260833 932.5997532738381
217.815263197405 285.7296818873592 133.6230675499014 118.14171781852967
511.08849992191887 346.30239676904495 226.4371472070609 338.8632886114292
197.93219686494098 320.91182927317294 166.22350988631854 614.0468011485954
162.32475264430695 140.2486525688641 251.9460353213138 813.7677313318129
197.73272058255236 85.02083463002629 398.8251273103063 48.87560777196431
491.8983469402259 262.38866537151006 132.92781108584154 689.7495079145791
494.20171220623035 247.92987002877965 271.6063558927537 917.388369787301
187.56798279572496 140.95393054760274 399.6107027620092 264.4147356463077
98.05529601247696 286.29733467840146 394.7588284050307 799.3302482349781
416.96518387530693 309.2906041877835 300.18993868934695 496.18839419613494
166.728252417857 32.12243362649241 476.8102281358896 29.813386413944155
348.7410891330635 48.64451717692134 86.19969065446645 586.5779407988922
169.1195377049641 481.5593139942061 227.60682063045965 352.26802072392036
116.31126881240465 486.977566468807 153.59117893948468 531.9558434268196
368.8115291482244 451.47199580655143 158.545252908657 661.241779136323
484.45142286512197 186.68484411494626 59.798774675011884 538.3547649509746
320.3897773575989 432.17208090182953 7.425171729034844 309.01093100306275
131.8767937150243 401.7831448710126 383.5340121160792 534.3284840358682
53.537595959721216 339.9980895941593 341.08526919716024 306.8904375431803
228.62195320002814 408.09061837924804 450.71638677858346 127.30336804440235
380.505233089221 155.2824492129002 37.221971061903616 559.7085070202435
271.5113246769245 511.9852160870574 417.99770652660027 815.4572189826534
219.38553492439024 465.5657307100938 364.4826048193837 948.0109044618508
458.2261082149815 507.2607092466771 405.751125914786 25.615342140912432
212.7466706397272 115.47317432909392 353.5841109007393 156.32606913168544
494.51638987644964 36.46507199246349 56.87869530548426 89.71764441020468
509.3192475281013 271.68455714518035 484.02816162086845 363.39706746233816
311.46008955477555 274.8509343067865 190.0081925861909 990.2773074698853
86.58874983132989 354.76708180180015 92.77710828967133 930.3494158223352
255.20104604460755 505.2513500733632 76.71188533581187 673.5170724780213
27.217877412770918 163.11751841518742 324.49754805499 865.8573682161752
419.6034545366251 240.87449815473053 22.96758212024713 139.84617326469896
66.96758559729182 216.01584503401511 103.18450310571563 194.24867687934633
480.7227040928413 452.79492356068175 186.25507985511456 80.90744453900788
54.57199042570909 128.81548818266157 470.59979918947585 98.42049792662544
385.97855018375884 364.2401313707309 294.6351410671428 679.9855608795261
324.4911742056258 58.64918381685146 321.9839923808607 831.8218446875842
456.3293935467719 271.57346758575994 352.41845860099824 972.0664339927669
264.8847954995531 372.61667401862405 295.36700095002357 712.3064015696746
307.8769722158811 54.846828733938196 443.4546351373248 816.5893376706496
214.63630452097897 174.65775585328134 250.18147374260263 273.5791716607926
490.59791294304785 499.7610933383809 80.43156949952441 596.7771361526986
18.003617777177 321.90996444239505 33.06242141811964 447.7338968876029
102.87300718871955 461.04210033582234 398.2904794327051 794.284787351473
85.75841572933047 16.340397230814233 146.02947171845648 599.6285819618196
390.83852817222686 372.3406144669315 52.86622762056027 977.3297815724587
440.2384472547841 475.2344934709295 470.0397861092939 790.083579755027
452.0877589752972 192.71023065414033 347.2187752352805 434.5336567961384
315.48058369046925 70.98688956244285 420.4879100573419 565.0266121669649
158.4595549512046 123.3181707783109 117.48093853200061 64.23253707834897
314.33499558293573 31.857419606090104 465.6022696106133 310.19517052955223
170.29796610196274 271.3206271314126 124.29578377830012 250.860885448441
210.00919279277662 295.2224680959784 56.96126278005886 638.7130546875292
25.719303798750616 499.9628642885406 130.15646145126232 873.8190132786802
320.17941551382734 235.77153677012228 474.0663245586153 863.5882896547605
506.39927504426004 322.269496642157 136.19424933181813 931.097718546579
406.00721636531773 461.85942208097447 475.57317418942176 769.7617957316226
309.4481599904503 300.2436895708861 71.66136625645765 171.9400735934995
339.0377566219375 306.7688549429448 361.8238364637254 525.8407699253074
65.27659406322431 64.68013384197673 51.1423290232467 936.9682824792994
64.04424737775349 376.9828149647026 37.71499354040748 964.2482582256285
26.652246887086733 163.7167593747414 142.0854320513747 273.51557079060575
184.91432278104838 491.24839991963967 355.14793703587884 584.7534594265913
40.39730140549187 255.7725043822545 304.6758150306514 344.5333615545845
316.5187726751162 281.12616809620516 113.10242382625574 426.0186066800098
89.29431002220599 302.10085359479814 200.03866148503772 407.83172369766993
72.95968297879563 129.29827725565843 269.9737397461015 80.03266832448874
169.2316734362729 279.02270861321364 470.4267770643625 100.95483672915617
24.82807502160358 74.99838180915202 196.70464604715625 608.4726916332966
187.74590317471296 252.1745476839199 430.22277392705246 700.892800958869
252.21553007788788 426.721529865202 450.6337070911285 110.00690138510517
263.95326842668663 164.46056226096437 432.0287318441608 993.7477309915658
104.2022133315636 469.7524690716141 375.8853947607779 168.04675381452304
429.24096632397226 60.30219241132306 434.29709722723476 551.751394799217
288.2988546643486 238.3686707894792 87.8672216754801 303.9046096285649
278.9602408385693 339.33463458617234 418.2020669034056 838.1044491838056
90.00688903232788 15.006038192238464 474.18973954134105 770.4052237497874
233.37721638269954 427.4345389286706 398.9879551461608 421.5410201375008
50.08527208801553 360.43620891325975 204.69272344898621 477.4785553464227
44.6653032195307 45.76639557791981 136.09995009559316 170.42670077223576
197.80590876652167 327.885475224983 5.839355112853184 575.1593970376523
215.70857174001145 170.92422807635643 122.8322560458472 54.372788384905334
449.84349512624306 172.54459654877115 44.19595694492614 410.15064523902487
181.33521791704953 453.36248179157633 391.79504251892115 542.7847964573245
206.64139771989613 437.38930823443366 193.58057846518795 191.98374203573755
141.88168601622147 328.4978015262916 90.77664801547428 72.5430514337384
381.6892771424571 6.700918790306503 108.45809984374381 501.14738358102437
125.23843206027544 504.9311954477096 150.71621137348916 930.5377382500019
51.75847547613722 426.8212125056729 152.80157095136758 853.9821781054775
453.51323757201834 115.84538683689198 464.2458482694882 373.61622489885826
318.83050421173465 298.1107019608357 396.24840469726564 905.9957173448664
70.51239966548536 45.767633627289285 71.73402637609729 974.7909930811114
243.44432686209564 78.30942060964827 3.5037958408854024 551.8823669610042
43.038892384457995 195.29620977224045 451.2539793643427 798.8087070931848
418.7262718558257 345.2614179672366 172.25283001351062 421.64707919289526
364.9321116107214 256.74097523009067 337.4388479995787 330.7915502987441
289.056876998777 235.04835236581846 481.40947216283337 518.9491466583221
351.1520048474121 348.2645241006086 305.8982302099946 500.45867706596414
169.2925071655785 457.0255159938367 114.2990066192558 217.29682731688527
159.1857948617254 3.038388858294752 116.91805567525051 660.5220767251883
484.2260762219583 399.94721378844207 483.8048014313552 777.2439229114046
351.20441234054454 239.1434216093536 255.04445094476512 207.21545015155084
308.28269415153443 230.6792728943994 363.93582820688886 292.10789549323823
360.7284780957929 117.4141293128053 61.44952451336536 310.139484773849
73.9355791158103 507.54276234280934 361.4169404929993 171.0881658800537
151.7582552738087 210.97969039602555 237.6021712484973 955.8960279280068
305.87894832415185 212.01225631959045 50.903644865546084 294.301409797482
368.3107262049874 483.27540933772156 209.9063410584264 79.940465441794
208.68334311154672 165.99433094712595 113.05345515407714 918.3690639574198
267.0753967177322 60.134159979984645 26.464280626841514 45.917950884570736
487.2665858353502 289.4443111287334 436.72032254017876 124.00250293447901
265.10559011581086 32.715217177006025 272.04818618854495 256.1453208044706
127.49542857742273 334.9219125853024 458.745033691425 128.5466243643646
145.658664185247 391.3673846810264 93.38171639795331 499.50378001529214
417.76193535133905 62.31106681782023 168.3428272957845 509.9908935943258
245.42510737351893 499.24196856003806 91.87777095674886 48.3285874335696
94.62236349783115 233.5240021312071 308.0995015782254 693.896540607243
251.74533944672987 193.57361268141102 76.35687833890785 907.4207916565318
361.0579843552731 493.0864238957819 267.7612661692711 423.2013700650653
108.82396729405764 258.6022414507493 151.24634972703444 508.94857532303104
292.07530831059 203.6454531836074 232.01104560466422 324.04878433089624
398.23554637832217 346.46084878242135 501.0788612291789 778.9256472872635
30.830352265362535 502.65111459168185 247.7768344289637 578.972093749614
156.22306154729728 510.2912915692222 158.74390633629764 600.4213175549731
506.5927718028809 505.8017768858259 175.45322089427458 604.4135674075084
304.042734434421 480.2893526621464 218.62213250850732 17.492405041624416
458.3003210148559 21.959123605027514 489.43628013029996 859.3835233489289
391.9160296068222 9.75476490324644 160.81206973844354 443.18776517736916
477.9951844038014 505.1499954612456 74.44334652381895 596.4917357317586
77.4868349989473 3.0203947639167836 389.8480407251368 414.9177252732944
173.09697042658024 481.2261382031425 216.05885003573832 558.4803326409593
378.6752605944047 88.6319694274211 90.12495663148286 983.8829713494566
136.91560124839884 166.04531311210724 382.6636781552984 272.07120575335944
99.23845996373143 177.64373877151434 260.5983074641143 978.5799978492556
37.522645219904405 235.6353425981829 225.08837077914188 114.22207078852642
197.91605782977967 270.82893931426014 300.40801319258065 178.43368490950428
392.07299394338503 333.85735225317006 397.7043251539523 855.1963778044683
330.6643365199463 173.43945601968727 312.5653595095318 50.68321309346268
347.3592799250214 105.74935216623436 312.7447753233001 432.70900046292473
25.70333214833886 188.14114635246756 450.5961842877793 735.8346113923508
409.8870590627094 7.299682746778387 364.03161459982175 889.7478111264635
140.87646032859965 65.1980074207894 414.80532577116264 810.9624417453292
2.477839185424614 214.2227981841716 201.1046651036047 51.30131178414166
171.3731367779949 314.45293858804274 47.04854088109062 765.3102421284536
303.84181002325596 428.4298903170613 430.5009204032387 245.2704214960464
409.7789928720615 135.19808189244958 495.2751038876319 827.951421929327
355.76509171544285 432.00680266543463 405.6845472455424 106.4559515475979
480.7268629464913 432.8462425373364 297.691407603263 397.2542414763678
144.54829287243075 8.9148076034989 251.34882512596283 305.4689497787509
20.95438388373941 135.63656159655824 74.62625627319744 350.42218727220643
360.10968476242414 150.03689688865705 63.1865497058227 154.65455875963207
463.33254089239506 235.15998183567706 264.82584282666807 34.42576086540239
172.43113273962928 163.374935107905 173.48121876040233 566.3177885676654
354.26997467960575 157.32736413081216 147.07564267331145 574.8293179190077
1.818276064230247 485.5934387726388 498.747281233341 337.0555940489206
127.94126278001215 182.1436332968961 285.375356212701 872.5272512600076
435.8412210048672 359.92518486377594 373.25470737106446 474.70325806059697
43.459125565875695 433.9409361027276 62.38452325654015 527.5614967840786
385.8046865871176 299.0714613661785 41.04553332601296 763.0252537862382
329.94038016465703 318.67064453885644 502.86181900889784 511.7612327370362
127.85511051022178 409.9557202185377 240.27996305227668 930.2079346714739
53.62668366800597 80.05586406001822 72.00536198441415 48.08397920276486
367.9413881209918 356.3167714785347 466.01349545016126 196.41228228233098
184.51443722394163 253.86411718518235 11.523436455178796 67.70391595345504
89.7021078061465 459.40595397976307 241.85956202712242 820.9462824419869
468.0707792383989 258.1833935369737 236.0721410574306 720.2252298179396
336.5357513130957 315.4218123276758 265.42318050049477 205.21784599133264
187.29587995522508 52.077058970774715 447.7652185193501 906.4549037921129
4.3736624212767765 429.49617178790675 276.862890326088 139.36358274123194
108.29399044752734 315.43150611238394 331.42910073081197 964.2097697472118
226.8204641629435 392.20033296711335 30.519756841631704 406.9608698397387
81.74958388663947 101.80371088406434 386.66111261469666 339.0056103432173
360.3749720964182 500.563049110419 248.56293035495486 923.625585056338
76.5028016256486 163.57118871216767 400.0068141198595 121.53879172756754
361.0702116096266 249.4685604152591 61.81352157889461 839.5407663144606
101.92070768585131 1.7298475385873644 326.5251905141875 452.9955952554552
477.5424251811279 186.08656890300125 274.99831462124183 908.5014772660164
191.2409212792869 258.8470722338006 48.48256213000673 716.5020194445876
202.39424945997774 121.03830611118758 465.5550794169633 170.83321393708505
475.660504182844 41.99199925452888 83.55252005103495 78.98176971940573
167.77023692299878 76.6918269706282 170.53683163250406 334.57618895408
185.87854211319245 270.76233534241896 83.0775358493284 109.91153847002921
256.39529986889283 314.5602146602118 87.88858804133986 27.119007212527578
437.3659191920008 89.60400672266161 427.0544498693596 460.3069737622271
508.2742559018537 450.20119790683634 301.85806448324223 387.704797744537
92.85642421276248 408.77359529631 79.54138930737531 69.43937205318373
198.0645659235982 95.6424288043616 206.01632641533143 891.531422206911
344.1523063410863 494.1655585549131 59.46471506834945 848.3106421495927
127.09414367944078 262.0688872178547 150.20164514733284 542.3853136084929
358.0346355672375 274.17253086901184 400.2126448697239 745.5976851980525
396.80016281400265 168.6110531534178 335.1262855617439 643.3574801779544
434.17700508002105 373.27194324191174 269.3976284140654 203.33044524406085
458.4704171002571 8.994510019660368 311.11269106628873 863.1538894259028
280.4669317161231 140.12070305795885 328.88909970639327 110.3848389787595
265.58183474666697 149.3114795727463 303.3836754839258 660.7464912731772
215.77394058616972 479.51288623629677 474.5849377608502 352.7468024411122
206.27209989492502 60.96301021351161 99.31169727987651 450.91929939527245
255.34474374713523 214.56672858097448 379.5295855794631 813.7286441092441
424.5234591496124 207.57211264139886 462.8903671913618 6.825504335435273
173.8110501446343 209.94070035315872 309.1997286603129 558.3929647785441
7.549268267163086 434.51090162504386 295.8294133994591 710.6530899034316
307.9922798955475 29.16144021682004 73.56071050436151 785.5649777518477
323.1304553449103 168.40298467236255 378.9532246783868 551.9591337563792
76.7775895531712 47.806719952856724 341.323431357791 18.888146453955645
162.348263162077 333.36159555094565 188.7612637247476 222.63821497373527
172.71296984808055 130.5909461357889 225.16871247158934 319.7362276722598
390.94551490667783 171.72822314806575 106.6604319097973 66.98218318546922
39.80276273705118 44.79691078511087 191.93865915260977 401.266557600907
467.4562156756316 5.118474390969766 459.5975554052447 260.11927640792334
181.0633146172783 217.12341652042346 69.91565308954017 894.0013349460305
43.29202143030875 57.37603868155418 484.91226423636385 705.2588847690735
1.0120786014257988 322.76276516280336 507.051826698633 185.23964336933864
19.585859360482345 227.2103590652552 237.26797889477353 259.4685607932811
468.0079763224153 108.67390496199977 499.94617490842614 381.8143307476256
124.9041421148579 199.52393844773843 131.33523292583942 267.74288408265346
371.39972443713293 492.8543033716765 113.75933221881132 447.1983769434592
337.40615820656836 290.31501325456003 304.8083375305328 134.25982354668542
344.3336165440104 211.07019476990746 50.812085094208896 293.37997101610193
135.35735185580108 497.78291139394264 269.2274958450476 305.71168888499653
409.9778138355573 110.92206367613454 474.9697160075092 409.7109211495994
508.38475426364255 460.13660722103805 315.95518271038935 777.8697302253049
489.53450706100307 74.1208171039637 389.88946750328887 966.545986644066
17.38022182673876 160.02971689894537 366.8468629345757 476.0346311773652
272.83521992494053 372.82321765445744 364.540864220632 582.6304058970081
113.10752911877086 186.2868905470499 292.77369024924474 897.489980901559
346.798933054475 243.14029514188286 288.26360846180023 438.7747951034442
190.70797965624615 391.12632192701363 220.5102813334525 681.7831127068725
36.62944910602391 212.05408298008592 109.01250597097658 90.80669492528659
83.92484459966573 161.62581604945132 438.46557349444413 883.9551975171089
234.61293406138543 52.341819740395806 357.2192012336822 858.9001077525887
336.0661183431592 505.0434632850321 156.5085918330352 103.67168991892729
292.40712819041084 309.72944163916736 497.6915426894269 970.1622222322407
492.60820600365423 9.761790590609678 272.1421854271496 934.7004663448702
237.5108359339754 238.60077884924766 24.58111633174974 78.97281581441018
191.64439790864543 461.7406495184832 365.8840019802609 344.70337128669206
477.91353744429244 480.92642612110876 416.29107093660934 262.7534650315173
288.636834579111 262.0385506308768 455.90602504049315 388.7961614044134
487.0026138363526 220.52643776180247 475.0849139339292 798.1329168157025
456.28752453383737 143.53272456412418 210.0453421502113 70.313649469272
331.0393685537788 211.16074221256025 57.08748047256523 99.21761110254734
266.62426209777453 370.49699659859584 214.42059666609322 669.7684044568065
345.21361682955165 73.05156984478975 199.6286158282844 843.5746337969549
177.72713831853673 31.247492300374688 505.59951787074385 521.0534539783268
342.96485322222907 143.21374135954346 261.6602792877274 939.8286440576303
23.112663666322703 196.0657847652024 378.30529747332616 37.3704730647717
338.21670010228576 511.9378872455512 248.9495723189575 224.38900167155106
288.55900563592934 331.94211524223925 135.84104663923472 129.54758502620533
249.1468521219241 9.743880446260562 109.23882715957109 215.72949454336532
208.36250552000473 379.94287006135596 165.22025456714874 138.0311572116991
157.05535266775604 186.46814126966518 119.94218997242814 701.436480665508
39.49183411690649 404.5247572665095 315.9672938860721 908.4293046449582
357.75680587463347 32.25484539823822 217.94561403726073 56.176541841806205
342.1041551118254 39.33284692862014 206.35942136774088 427.1204184812979
248.5444570044723 326.26418982253085 1.439521290171399 390.9950823985641
496.148526232473 378.97745640331766 53.792755097239706 557.524814659803
446.6400712074459 167.04867095332276 446.65844349230974 444.28491225654153
364.0735483241415 237.04065117557042 274.3782015538478 663.2723609150477
131.16244555986606 134.25201758957837 431.2120839828935 954.2712725979522
359.20177187451145 334.9402374376349 205.4938652195574 834.2583986170887
63.52425231193587 111.16380291362827 404.9516100088964 957.4766545617537
433.1235231362477 241.47642619884147 453.90365917819105 976.1158870534011
48.7026443547507 176.49452514828914 365.49677896005784 982.4970702156317
39.49417482409439 455.38405729564914 348.5154041809802 107.5478643621589
236.82321472221076 180.1484927258353 22.120184917976417 207.742430392715
133.45847295464762 131.14134315175738 117.47901708271479 724.0402097345648
115.6363472671124 510.56503003141563 398.8750701718668 187.29665744756053
335.0957953019568 358.3623758381773 215.56701123858062 445.4408135058924
30.630511962374726 226.64923922195663 264.008710707203 568.789280567671
230.50698079157854 30.052671886445978 506.66302905010315 846.6107393762653
234.84615292548636 44.684193727859 53.97528969152796 570.468409613843
4.109364647031782 330.33499548523724 380.27631929117126 495.08250009099555
159.40156803330666 331.206915666418 458.6190887218341 244.0799571403316
182.91662351248692 226.41517057488915 243.1490122035653 371.81745474936935
297.91071459423927 166.33299210867773 181.31127193598303 385.10510972504505
450.5664517250575 16.76526496195504 203.5208114515031 226.80791602610617
57.47497316545724 303.2379838307389 365.54517294867316 533.8861849822271
81.93277376345492 287.55231137197103 441.4006909823556 87.420707768325
295.17085054312815 242.1595450919707 212.18329136561084 72.32457587114082
149.32843771859706 253.2615294411682 263.2609799877323 559.171775285638
66.2807384483562 327.72110046862144 65.92679459346039 463.68372375912116
372.1074587025602 480.83841746134607 182.3392344528961 136.69056851393447
86.14301236528848 420.9686795558316 279.29335188096263 891.1512338942292
143.3337101926346 323.5831119260711 152.2125111302483 319.78068208187483
302.6977867760885 36.08405832969311 437.26425873340617 631.0855686664188
196.34182954428798 435.0951280535339 231.75220385075352 93.60272790276947
442.8466745090392 406.75229226508293 506.4625464313124 964.9886343968474
354.96471724547 120.38553488963066 316.98037391903557 864.7399636937862
340.2183478738176 143.47235081838141 255.44239342858793 354.4554966633505
373.72347568016414 127.39350816305284 294.6028998087198 928.0425161825492
346.50739641138875 104.94801319740031 111.96538103051267 363.08747587863724
435.7175369558241 97.32214816196932 179.9170236992798 701.1996793409627
32.66197597726068 20.563163765696288 152.7759933189207 425.9613865636934
328.85658480088375 307.9023198008207 244.08569110982938 410.26013334756385
449.0640963428539 130.3531294612693 482.7020232593415 975.0270309626194
487.9832249072253 235.8091169381555 471.7565750357725 196.14916904132306
187.95170891859226 449.36842690208476 68.03979862089898 404.79471631273054
126.31836132133111 61.87698762798681 148.01107088352552 641.9089721590334
480.933682927959 398.32846434602556 71.5694453843754 349.2694765639335
22.633209027810096 215.14238866147628 23.4170086649591 813.7580567113731
379.8242939430056 489.24477298108116 391.77546709248253 751.9499660681176
82.63093035687632 22.710542937127286 250.80305515880536 793.0553039810736
510.76088063817866 154.34764905685478 342.9189196549907 18.62385585702919
152.92672234588434 43.941656164042 178.2364327525687 470.263975985196
41.65077531828746 471.2650471381378 190.91139808847907 489.79607082155985
402.16768467800506 208.56413868170387 15.884082577796164 254.07090850353632
375.63673416188925 215.3228935725577 427.4858911274071 809.4704890098665
316.1335892298761 123.42250240424806 256.7166108348786 72.00164310728985
506.62825283666467 108.23905444200761 28.562553775902188 673.4843459035585
292.51874347230705 424.8782951123913 493.12501048392124 690.4355179065736
4.684754107627896 58.18558287476259 195.83957927841607 208.9258927575314
302.7863145437377 407.45961942223335 481.937003592191 177.5615494111532
195.0032268522429 280.99753979617003 423.3611425249905 301.8407810666327
384.73383457681183 345.8959496099356 306.2326670906068 199.54989505179367
385.3028475334391 146.24190550102657 179.68023283566163 899.5033004695996
391.1730626577151 5.185142022700404 114.59578297307422 508.0064004397126
83.32049091564483 97.57538808775126 36.90108635982216 462.2680882230451
450.28937930006674 368.123516179832 157.40114740009096 993.9311090137818
379.1305049975054 87.25970069492809 164.4967400884858 627.789906936861
241.22500333411102 233.4247873496057 379.8865431700208 921.280548124289
262.9169171828942 283.06274205070565 342.64848005245597 970.9319157794329
337.5630189411028 297.0553571175693 419.86076222859816 530.1642597823565
36.56157126210553 275.6062913416497 71.54699574098498 240.57779170536887
439.5331468952306 285.9682888237669 72.97943522892291 914.6206049681228
220.23098075693628 449.76756365899035 136.78551463294355 402.85669760533807
309.54057744527665 359.46780835905196 287.14049016409155 484.1063844850264
499.3327971558581 373.3149777589369 439.1549116590439 489.525247126486
71.02825364442026 445.9648721782374 403.27013439017617 236.80850146726084
327.3042303904945 235.36261208581885 363.1847768551327 626.7713581909563
405.03712690853484 83.37309961642347 367.64154801862844 832.7241561407455
381.0037479684523 78.80351345834754 207.05218590104187 143.98268444914208
5.955039188501189 254.20055335683412 44.28225683158911 836.6251568427773
55.0037775075582 191.7260440736295 263.20373036475365 90.98285436322794
442.7861906049346 452.7592614013522 324.48362227427265 756.3578520735631
263.9608889301368 10.784355089717735 364.07887232740154 472.600842107602
353.16002579782844 46.87009515118234 369.36882316625696 917.1698991839928
33.70159102588315 444.48590642215623 201.84539216941897 6.427029595320488
21.089225412656845 350.91212871227333 146.09885168802964 245.8869908620066
248.427593468319 233.14345422800602 103.45352170855801 616.5679411911872
390.7665975627968 159.4992947706482 476.5384344307628 491.34884805863464
318.76987671789976 303.52878130719733 365.70182180089176 265.106492479386
331.3875036532608 78.72832625414026 471.32412574237566 927.7306317226096
492.7057888618352 121.7938944624234 435.2336633852181 377.15930484941975
431.1445299213797 372.93702349710003 296.73140990092224 222.65071576315188
25.81872296121429 332.78540190046215 170.61313511338926 765.3917472865805
354.6162125525572 373.7388829260239 35.6743609269609 86.82833194741602
430.73742393137246 249.91855943749914 158.54945778276556 802.7883383675529
3.9921697383805395 221.51307447334608 42.613275120651906 787.4832184995778
140.22317567585856 273.60846018192353 455.0432466251717 564.0378257427026
164.661528559943 296.43926989789725 95.26715422447973 714.1032021473453
474.53506947494714 95.30927214103025 191.4041881386832 324.6083383683632
73.83864430565876 1.1420762347248683 362.0651018372631 454.02353661677074
407.3092323455289 45.03075996287845 461.3506260205678 972.6059904796607
282.82536470804087 15.086932579857091 497.62097355219754 146.81095845086634
387.57431571134566 155.7727433925964 248.7166637872425 813.1903502051392
491.40927706722505 248.7296502126136 221.10874793897727 407.7354961621277
75.20058064801515 188.5765746830093 321.62724322957786 244.04513557062657
424.0571754067315 354.27914337420066 126.2195173031077 631.9647401129096
462.16714278958403 154.15770910785437 73.66950415054265 213.76561459335497
385.3673890103667 335.01749179556657 10.52370447812143 85.04890902739326
37.87564150782731 198.2390593687781 263.8435778386294 63.350092007390614
87.08124659275836 287.4168333265543 47.869650993401024 344.72092216745756
479.5522687666797 504.2037434902172 429.47931493337427 136.27389896093024
51.26738778951301 153.31942317012215 411.5584565925818 504.86569001827297
344.2657579171878 235.78828307527226 98.82903709669847 43.823169557342446
374.5154764012875 469.1042227973761 237.43689608406402 423.2444118660773
343.60136067977805 94.30158275500543 57.949251859341246 10.418603503239199
237.0244821791697 25.379692883250527 145.69650776036838 561.8416634809412
173.18081805348123 420.7553296639287 29.29526274255977 63.89468124704478
278.2379603414934 216.43632025454292 457.531012632901 643.4337539357647
370.34020785454373 436.23183899470087 283.67439253717464 450.74067886204404
114.53063480656323 264.0756698211105 210.6657846635165 622.3016602459
437.62122310820183 178.91348438457038 123.4158708342706 446.52921549906574
159.54061373491732 89.69279999931808 345.482812211123 794.5566857390844
425.8523713004487 129.43675310301217 430.49224677869125 835.5955848208523
204.60196245883344 194.5693970944057 477.10733950477726 755.0963355793523
500.36108915177044 345.9897735648517 342.6277864777388 564.1044973281306
421.12418364701375 290.98563956752065 157.74328079326915 833.4729429567775
407.57689932445544 379.75905754343546 488.88620060977206 217.65896375143123
22.026857033895 284.8852316345292 169.82212369970495 723.8562194277239
450.8500687342671 266.349003854246 342.0670515663637 91.29629046431108
416.7696888452608 54.942513434869 129.22655468683507 817.3658532190647
477.5970476655525 455.2111622937818 22.039320016381737 886.2021610485697
473.6152527903983 18.61225942328531 343.37336331976985 624.1599442733595
92.61547903327892 103.80130336233304 111.15111237708516 328.0260219829837
373.52863486753176 184.07119473739806 496.2765583603605 174.28274147899836
455.5798579347011 207.61383201812163 471.75731324811954 724.616060796493
331.380330274929 322.80765466808896 156.84848521714918 374.5768673675404
32.29470754764924 307.5080504114181 129.71235765134037 247.7965741916166
386.64140706196997 16.709884302613432 263.7705020179596 856.5971896471208
303.11506085177143 457.2016987247522 246.84728850369606 145.72417463910048
120.55869980922967 392.7779297068819 46.708569327461646 869.5292440478394
467.0452688803163 88.34364025024689 21.85918620420398 892.8962066924297
384.56356239243036 286.9752381504522 452.13767648183006 185.12156858324013
94.00506853295599 137.33247048499436 221.1001903805585 167.77132494465974
430.032712492747 418.1904584378943 91.42541890156514 811.5250769172735
266.34621221061985 229.60868008830727 325.78740237818937 483.6706370504953
496.4370908165708 308.67991470784983 129.39185172558035 478.4288630674117
249.83131250782765 348.2334823796566 135.96351452506883 688.4853019559586
232.2775951873386 122.39690819414074 285.8972029272862 28.428313189591826
421.7271589439909 84.93542229546944 122.87972035236874 803.6358819834207
344.8141057113673 57.22141262522172 314.75960948428406 839.652332283936
326.9186419293538 432.5482235988659 101.03583747762963 30.771659141384355
400.19676668227305 120.57191606976227 47.19390979562547 690.1157675190284
245.27021124962727 344.1312494470566 502.99803312619184 113.26211111815209
450.4509725510563 121.42824670173195 331.87045952230034 469.20133766525964
119.50558848083682 244.0450926239526 120.36850458257419 217.4605677961794
298.7350849344419 341.1028462063091 451.4424896128192 259.89566028705224
110.9973307193851 249.09249337403702 274.35936675880885 437.32193387482323
103.03519859978849 239.3772707043862 412.06956362419504 803.2338691907701
315.4427453603463 238.69419084896407 339.9828217140575 146.0976035927345
41.36643674167374 443.97191710517126 135.36491613278213 581.9995783374335
274.2061576202039 165.24181247903397 475.36053095821455 716.4719822843504
443.57067171863827 319.3323120696712 16.716709011512876 436.9766226349773
334.68591123910693 91.19689008508288 13.532878071333982 486.51901652125673
106.11907029993813 460.5458384511106 472.11089956337315 682.8840282914823
465.43546724982036 188.52514847716532 13.516876616775846 254.74106990153678
380.0358329227464 145.6623781552775 215.51551883899174 424.2331595982087
216.49759361444507 58.842624136338486 375.54218753274193 500.13109880133055
67.51816915515286 289.26336666231936 419.6707847847287 52.48075277512398
356.91572126927883 72.44182188060205 233.52325377010027 369.87984385635843
352.4508520025403 481.5421744693876 215.6530605775264 896.0394423755166
156.08832339876295 40.76578650706307 195.01027698215233 451.6865022014058
507.19817839992766 216.47746773969658 182.67643265698888 550.0819962187753
379.2123633418433 303.4555518387911 175.25984969478054 435.72106034234724
284.6166820007416 312.55128068611043 65.81753363303068 153.11818665638367
427.8244903070162 439.4447580270543 331.58449038601725 26.600943267610198
327.5048403969549 272.4179895608916 324.7192642390211 606.6005758594451
37.87681408030505 317.6224894653935 471.46642120882535 571.0753971665355
9.20654561283959 267.2296049439039 452.20152208571324 340.54397407267544
56.202942454682045 42.54138907750314 255.57148340557836 485.04004993042315
456.27284362873075 402.94739051544843 67.92830397687277 415.14488471011015
192.32831109529417 172.08783336098315 453.42328767085905 224.5697259340502
159.9117549033375 117.96732491522494 254.46360725157263 191.33865990726918
501.28270026404834 494.72825953923905 67.5391869921001 230.22305308202462
304.2321239069487 77.87729705686615 177.87091621260623 209.95822170562383
190.40745514854729 98.21864198120488 227.80394037149608 136.36849306488108
421.81449936264886 399.55334928488776 388.6052637502054 374.84992437311485
413.7417192298866 236.0229122916212 117.38391526174138 136.25102388955378
262.0154973208477 365.40352653421246 353.7363543402846 149.97436800186216
246.1637659664994 188.8429919274933 188.95099944388818 418.66816469318303
152.5473907449594 262.4438403318531 379.4740571653949 618.6060064873102
484.87143213562007 115.66419938432176 318.17854506528386 474.7898420028008
11.663693864226218 468.11397090182555 228.7852335749228 246.60976286831539
53.04600807111552 249.5060880685907 280.88106128574634 16.553281424517397
382.4438776180894 147.86467745069177 188.96481364782233 910.4469623524537
20.367435868916743 369.3333708146256 376.6950557234425 455.9794654937753
97.56667505348656 252.56867740511274 239.07026302185767 338.1622963731618
350.0195158680579 45.05654244927268 503.60124690827837 311.92364699556083
24.254442099092557 88.54394124127089 445.3286576081629 503.5844943015495
9.349895265070074 261.26564262822455 432.8978927399182 957.0165957409414
266.58946690440496 114.73000391953934 332.2567584006166 261.36246297492437
157.98516341850944 403.99544898446646 405.4762514648384 442.99951263143754
368.4054305581288 282.7723711381274 331.3710205753254 970.7520894634341
46.2937271113239 48.46615278787232 14.699991666731762 613.6016334466918
367.99518566104797 86.9455191942373 208.25077913349458 226.86616481990342
129.52039806561692 257.7829884341207 178.08373514065312 764.9359059946343
228.45922648425153 446.77571901589283 411.83195629915747 291.90359586737645
420.6832534740548 382.9382401138489 68.24874557807834 739.4040196021721
29.263762466098115 423.1517224130456 274.1839120322123 783.3964810653025
224.59697849483968 202.79715459846238 31.219426515498412 958.3125448779747
388.96709003526547 259.3749412557634 433.8302002526012 277.44672485296593
329.174392037185 460.2474080835248 148.37563725483346 988.8685467317791
189.07443746038018 41.39313011137165 57.62937255074638 914.4258068971885
15.876913457872718 120.25360952155114 96.82363805433317 109.71576858599607
399.95656508781764 99.05799665494413 426.33803707709086 370.36409095673463
14.468344652979113 199.956283886491 270.0139348914526 35.10539931285284
134.22625736312494 172.80653622045475 390.4376427355748 422.1874306105412
355.3742732410091 299.6989240765345 416.5045518956227 564.7503085192244
419.89206474776705 345.13824382416385 102.94032671704701 597.1763246862223
269.00183121224507 112.4895734782238 77.82679822718671 71.19244829356298
244.68009147004756 285.0405535519507 50.042117916821724 937.6582103017479
175.82029360551877 357.55276054673857 473.37536631338355 662.3203117179442
393.0942410210505 418.53516124794226 288.2994633413905 11.76250559661396
89.6133696276807 309.27057973351145 308.3644893400958 318.85519560419664
324.91549077740103 209.36563934379853 380.8566697190978 584.2989380331293
333.1878719963748 71.59391463377403 303.26422746834555 160.7284223426434
94.3822542542382 152.92721846501502 94.22570424618658 24.260241507533586
134.458446151085 275.95788391917677 403.8870839971076 773.887594087834
195.32058797680975 67.86990582538346 488.67574935146814 621.9908900040033
443.1216048290292 200.95941084747926 487.16116889622737 535.3748317002481
7.174413333882853 253.1001386729793 436.3021863588024 740.485893028026
376.0281514154589 508.10287271890866 437.90813072786256 976.9032812577657
222.8452629394157 335.30131010721635 436.2908092469317 337.90012681785595
153.32423432606328 363.76617949921103 166.42003005407418 153.00771890570286
191.83555134283364 4.246394232276884 466.7189305205798 502.78177764591214
39.28803586942314 6.249292988173181 52.713955765493665 710.6743893102268
217.82444108803082 334.5985537413967 54.016915686497555 598.7233519617357
251.97448234039507 255.71054035375914 509.70495285445 184.35105724362955
322.7697909270335 420.55706511434926 79.04476200473965 3.2478181104016457
493.08753174662934 265.56248408817373 18.62701097323645 829.2069725985103
230.93952348846477 87.77433209972355 355.3494435873203 931.6447761783387
398.4430266081217 403.88575805153357 156.9688899813441 18.59460805467872
259.03449145575723 260.0119645551882 438.47872646690195 317.5960350256979
52.060776114763826 117.87979390361642 322.9485475789966 552.7426046153778
179.0122724125713 46.1556828183588 34.85663363156391 205.84469019134156
240.1139148900155 277.09762096517335 84.38436089390598 881.4433757354432
404.87062247494947 367.5030127779513 359.8716541839294 374.6333735752594
186.83270809806436 433.1039065956882 457.831908511703 782.8744430460407
30.854465750339955 57.23510165478439 386.3167428369562 776.066427419198
346.10952338862654 181.69744512263713 68.36123421883127 31.8327830002586
156.11911191311935 323.657519501719 204.915333372281 848.3456095385619
124.15840686153535 437.0074662265309 389.63013231080174 559.6979319465573
370.26122698618406 88.12527793198126 455.3766654471501 12.292795644831877
52.19755645091311 296.2206456903893 142.85214444252642 450.2810902521993
299.70839995798895 470.871102074568 45.41083476865896 92.527634689353
347.8981769008953 405.214442600839 17.94964323594013 180.8444662007809
490.45516443727587 234.72872421795768 46.69874626412121 910.5852680315038
394.19804370242 296.15731087563466 320.37825991471135 240.41661685071014
62.231637058539775 189.05661676755165 5.582329121250666 438.22586968032726
495.6737002827281 430.92264568644833 408.49812090757547 640.5862422127567
376.7543236115503 390.9787301914566 335.30095088917096 885.6217794299282
402.4444272619925 110.11180803539565 160.00700079130826 236.7374259540427
88.8175676317561 379.8961627289613 158.34083851901403 674.6337271634084
262.9867752922384 361.8133969119251 225.86611251291714 282.52624063781917
493.5150135744816 402.2516596899421 26.36648449511074 5.373434798464083
155.1415725317425 360.0965192292746 495.4092167716794 30.183792126933785
20.562243429949774 361.17322710704815 320.53098008103643 625.1046105963673
236.6028617659856 41.24161449124074 13.693553133977218 570.003201306496
257.6267135431012 507.5690487603746 94.88014066515831 559.9386330708363
117.81359100038947 463.078630793793 98.75284207222944 90.70070528756969
435.8821626501196 30.967138005704044 112.79822239730191 366.7699380285718
297.98321165390155 300.6089300201493 26.996717771475403 445.5342569909956
314.756010287021 388.90083386441853 45.553600381435785 754.0272901896253
364.4015694751093 222.5940438728332 278.63606361923394 173.2473415111514
496.67403470126845 225.87617792408054 133.1558121791117 24.075051049700868
145.80783244192003 432.2227457312048 417.4829495341401 92.0404157139657
485.72688180865185 207.68534497104127 94.37917169811982 808.5247391010001
429.3221983137637 411.5483496318051 375.87036162701133 699.7048792385461
232.38425603129565 496.13056698954966 66.53029431804043 960.0067753676301
119.12765051485036 58.14283239882877 363.67680926014316 182.22831979256603
218.6617703563843 500.4466233490169 113.02647702176387 806.5125261250724
314.0128389029111 325.95029247342177 378.6109242938676 223.0852877140448
109.0983129651068 411.31276416702826 143.8298004220655 902.9448750507077
198.64832238843627 191.54452701954648 367.52181969842826 257.14998790443735
445.77160707082527 122.680526715469 138.71734555289248 865.3298276892262
260.4685515158504 134.1497031946434 412.79084956678 148.88001627732828
347.279617223516 338.64138979244615 355.35787604484915 287.24164555662355
420.0864619231354 340.6121823274629 439.35542971459563 766.8987404751107
271.5922396932105 167.81447214419507 383.0821321633241 296.2414247813433
36.430093287556076 90.39600353283112 311.6195544351387 750.263507745654
68.4366140808998 210.79923640389802 203.1727756838245 504.10698378646555
497.8070139126504 345.3543529554488 309.23641831411265 431.6997643567163
466.1294130466526 75.78037224165507 121.12840219562304 683.9707250611092
177.263833003794 77.41957941709262 88.3536901124844 810.770694531311
345.03374937419363 2.6542172403540008 169.8998419225776 703.4057179538937
105.43110609370575 15.644884609767644 173.08069032716304 284.1372424448507
29.054349347351888 167.55079719161154 1.0691356123029436 290.05317357864413
165.08280332999408 368.27885231422215 56.810689510624286 519.4925557523673
166.70673678887204 11.472362773731447 174.07246641928964 158.9685442020905
467.1551205567436 56.75311236067961 438.2787676732531 323.8705532082391
233.06045052168508 396.1706576376051 0.9752352987001132 901.2235511942152
162.63861607345513 469.9831232682459 329.4349092300611 532.4393953572777
76.45164559572032 373.6427200263645 206.62684314585448 42.315439143717605
434.84325789830854 58.422872978850705 447.91483621731834 361.5935665803214
341.2563140580138 352.43880343853857 110.9849178446587 741.2649843517582
149.30052146079498 218.7453407195789 25.827277874730328 876.5711859510383
213.086096838191 249.69976889150638 222.15817608726775 66.1153351420779
300.08084118029893 18.9310953212796 5.603501398104072 216.66489397425605
294.3301651296479 485.80609608933526 247.56048613375492 446.5828828699048
289.1169772389695 307.93385562232896 175.18770556275513 690.294248210997
391.93511953759565 214.26501533027772 374.4785255171005 56.47374120485027
462.46072532251156 364.41903204047446 391.27841083641925 741.8311685507219
403.6178842331157 239.5887214940837 233.69349850916842 772.2089576183204
305.1905944526399 225.68750350337484 442.6996021506126 242.59643510170937
113.06733031445589 123.03071614800507 199.43782253048698 962.770185732906
434.8789030760966 2.15730736315237 138.73095242992167 135.48799116730294
449.61327460157884 74.00022013488899 182.3379861620536 641.1551155067807
393.6334468689105 156.42538542690693 211.51976249961746 183.90376657241902
248.13011075075377 485.3183669437811 334.28535677020915 100.75113421471981
153.8048694971804 330.42378123356355 25.56539502514005 173.31942313635008
14.701277268538377 430.0458502805699 199.83083389256473 198.57816029918496
23.925585588690808 408.01059111322843 317.88295194277015 781.4392879592535
266.23964514992133 156.79775780627057 435.95189403779506 179.41016111967357
2.096297761873359 408.4810608647905 131.86367774290483 931.6447751507674
355.8406430090413 306.37920058136126 184.75366351239597 836.5272041623731
82.66338560129446 237.0533562408005 25.01928499773902 324.7802645844026
367.10214361535833 370.6873271526222 271.9203803031168 789.1229623624657
181.62044811084672 360.71089731887037 165.2709773310727 570.2493860377683
299.0184339885326 467.1340600425109 44.87044404481986 191.14028396271564
81.12473245599665 8.987140448237312 162.66876438621358 744.0200985442585
179.1939120700975 77.52642555138164 327.36476576209685 882.8027547449356
139.00363327640116 380.97041452031056 301.53940653926924 341.1588156522171
234.53882788712224 436.7165244145003 231.25136151500078 644.8856969634662
492.7837832105088 141.34382754671486 230.5708555502015 281.37338708133143
439.52986857324356 41.50266086324103 79.41906582778745 368.69032836087456
312.3775555066221 392.6700010909533 101.42710479921487 16.866668069088654
496.0549194810559 215.41989249606172 327.8909053021622 217.70839538456897
26.989869353698396 401.26345747412904 226.9572447573412 272.58754678363186
110.05038419181972 331.16189813524505 121.13810594817704 885.3008692939144
335.6295565192778 445.6344264688072 15.917144620898796 684.8283550668674
479.1088871941862 425.77492542081137 13.661313768809237 402.81290811825596
272.5406473860479 410.2315350703311 118.41078095523818 387.502285597446
310.3007086896015 311.3060587211152 420.6316977492937 955.0089863094006
505.47995721617184 129.09288411793352 494.2586928464007 769.0153937808797
487.50644185176907 101.36405405801776 204.69807936727358 856.0265071307686
448.0294124843408 219.4380133842606 510.17701167836384 856.2167135914358
133.81021943280393 75.19822044717193 411.05226358350245 190.51593291661328
421.4205623394063 279.8376256403065 160.31717359038026 194.838747446774
286.0778019968889 279.65314619897265 335.0237387772937 606.826623920618
180.72404224766012 351.918249672685 272.17866481029245 487.9263378742511
391.73739253340784 426.03123524226334 298.8454140182308 577.1918332131776
399.52122926692346 370.6869307951659 77.96005304554626 441.513186963584
240.30423988988957 460.8956608709869 169.26802273885858 935.2210565912774
2.8397828115847688 478.1317303445862 488.5467648758225 972.2469625664897
154.68995044859935 398.06295130809383 230.8835303162577 360.46901308347225
425.879442390801 208.31275921141003 350.84517665950125 24.865589401481646
169.74021195521703 163.39080572718944 251.8633157934023 893.5097678478718
6.1112335865341265 285.91449022711583 166.17406114500642 706.7369075113985
397.74249864689193 30.42739437476814 506.2005886242886 788.6786512455967
265.71488206619136 228.40915667280484 336.7679316093592 40.94527178358642
390.97222717081667 444.7820484581628 404.1512479113809 586.9428941628195
249.19396582797634 323.518023987149 493.071507418985 428.324885832293
199.99666905495428 386.1648172794787 18.35606182623627 708.6418117436458
285.64601069478874 349.42893744855195 339.8775163724455 565.1165827587753
247.55096753336568 96.34657503441144 34.60535340830961 364.664043733394
169.40675940383431 40.95714867997873 473.20116235826526 881.5352139836356
55.390810587411465 220.2847807868256 224.90502710150213 192.11852661644258
263.597467207618 161.63879703614322 301.3467633512994 511.4404797002211
451.57824808839047 185.9084131717397 431.1533390368794 916.5175022060577
321.71253573159055 491.0810914969245 363.98111388870024 983.8839698652883
93.78409412614121 454.7178554608659 396.82964116867726 39.27980773888529
423.79234287908463 377.24161325278686 34.30402450857605 861.0065121008021
413.551734439987 356.2183956408745 373.52622502006415 473.33861593878987
372.26541642911855 346.1046142061962 169.3015678732042 650.917467821995
104.46357133764946 2.2396130356891035 393.4978964341847 592.3491487177222
185.3187355959953 61.46763701689048 107.37602434675642 193.90606224532226
259.64755642758456 439.5703947004942 450.3477171478873 363.5361263279844
206.3809130181184 398.81659772248 323.27768240972796 971.3537200884372
114.2902027066541 360.8456025518711 347.84533126599183 491.3474047042955
352.3616868830945 127.52278845855977 481.3346762463384 143.91538659228274
502.71233126632256 122.81637981731961 412.6822849395767 428.5293832973486
200.35677945548275 197.72647653838226 134.39019370257625 391.64659643631086
365.094442342525 135.23656891131338 166.62008165596166 718.1183850381492
273.92757387764914 372.54433983930244 275.3155599348407 653.5307753911945
160.33894374278412 496.4456538581452 367.8292794256317 210.58477105446661
90.94584646568904 320.8110167408478 259.9999755053182 983.4158363666309
296.70784243516664 83.56060692548488 56.546546012116266 12.904124784377412
415.58368584150304 462.13243877684687 305.1713273320741 968.4016819514076
404.15781248292706 203.36035199132505 116.33419542869973 243.45991999085768
325.39211885461674 308.84069368690905 391.892758108946 821.7972106412823
63.96498303527562 39.609611450659315 368.6009972511429 823.16257080738
431.2565769959849 415.15805630109116 349.3992941459429 94.48743604500586
328.14048063668486 30.029319605224543 454.98720212016775 688.0260136603781
470.0346694670651 62.47779841529774 329.6117013116799 160.51895538367322
466.21832762363357 389.0983422776164 75.42133631134664 270.04781320713244
263.5008956752543 435.7061222351432 140.6964982824639 155.8542635435559
293.91191535784657 242.87004831488946 151.77791561523088 149.1432670498306
413.354661093148 360.5540446503402 453.38051572177267 502.42598082815925
228.39759872319996 368.0912566204978 455.994498245524 643.0812686913146
76.71212488429495 316.4553805400842 486.30996387867225 79.1380886317965
485.19249520091466 388.76505298222725 450.10101646607643 381.45124695225894
253.79657405710736 238.4493767289158 320.1261160044623 791.465368081228
308.64939189549887 366.7254399675499 426.2309682207292 665.660864278595
305.9929283808721 162.6315003886965 435.55444305735045 273.69255847082366
272.26421206643454 364.2060742014126 418.01196583758184 459.68530649422377
11.705704298873513 153.4951210671304 334.3580318195106 923.9863828142156
333.69272911585534 175.04160868376567 189.17817313167365 527.8012931796
480.10523527797375 190.68201187813025 481.86952236706577 461.8976551271583
485.4581187915255 71.42988955746267 439.16097804536247 41.703622932053655
59.453738300553994 357.05134203992486 494.60676497945445 403.78974430374717
418.75064859653577 236.37022448904798 312.1693762957554 53.157688624953515
205.65080546197197 9.440249771439824 466.23524526130535 730.9043877444041
85.10300725489952 66.83744918272771 361.84874484776685 645.0433702583144
132.4067633228384 221.80821496948835 303.74321520808917 852.5331720072918
107.92226437515234 202.2792312702461 14.404086649323574 62.71006647254218
70.16502880770133 435.9569101459054 120.54044785632402 457.8760530323945
142.58208623036091 466.8409246812721 329.10734269010845 704.9892072126664
378.0486090579515 492.8487377585095 457.70141251366107 658.0235847163027
62.286968249411416 333.97704051886484 209.06137947954983 742.4493759595239
198.45751396899766 452.50594660802324 293.5584125222228 45.942777411918655
104.26215310443399 415.30919957408605 98.62051507681497 603.8782935946002
39.44760101105123 466.85063715702444 433.23905813858386 180.1585723117336
196.8581617016842 61.035531044660786 107.23465724996265 254.35935256011865
435.47842631096177 285.1688051544655 331.39158906378293 687.9128461359297
314.4675948069408 279.64729371975153 487.9701160062151 213.98862152529196
246.74022622513644 469.99987472158574 251.0101231083441 465.7209558898533
416.93950454998344 364.73195510843044 30.383581480265093 486.9270521746919
258.9752053371919 236.0567163863435 405.9183757192047 178.68636641288882
180.05156161676683 301.02851968842606 157.39535510952032 755.83372467841
232.21142142040088 166.65076124755842 70.2581793503183 769.3092098601562
417.31569258168895 182.83012596310283 288.80632584489786 868.7193439057103
76.6854212034878 172.64574901831088 239.50723233209357 898.0174730315426
1.5111059197097347 185.43481160869436 63.25576808549931 289.80889153674104
334.4142191648591 284.7601377868094 61.48533396475244 69.20329334714648
115.16677823394093 459.39877925160374 223.10617550762817 576.6231964852718
50.606571617916586 367.38026970538175 257.61871661537873 126.82092234811537
456.0455485648579 128.95838595749586 218.87826930121014 593.6606818510186
42.44800144293686 225.7353764364687 216.5165468025083 904.2547614864633
467.66548559493606 454.2077340763154 9.881970424567669 804.1387181948286
254.3067019964775 483.75804882128676 19.154877236824575 869.4618230152236
31.616489243592184 386.5360904085085 316.57634863932276 204.64016273849182
84.67029154830732 75.52683879369067 282.3808987575031 495.11456619867346
209.86378319857084 204.1194421523537 483.0283036525284 32.38424591703437
463.41262777529835 55.93561150307596 347.79686071904126 236.13549836892133
55.59541638623614 304.84874042928334 263.34966711049697 390.77500173031734
278.85578366537754 352.8402310146934 237.0349979272669 701.2710802048354
233.2172653741095 395.97900763341954 460.6436903059615 87.74982914573903
105.11507314945203 322.7875801260439 476.70180754508107 42.241252462675625
240.17272537147124 246.1822651621543 104.15922277975142 496.7992611801852
45.94406881660632 455.6007304540872 131.65706183972628 299.2411350522206
133.49240739222745 29.09182136712701 444.5411825454876 677.4414453853691
313.75423066222305 295.02223735231433 367.1450101268241 952.2526362183664
137.68382513577558 327.3356145842814 72.09889161539184 112.18609998648887
214.48409672248368 472.8461153862637 268.6374859871334 800.3650680666263
233.43253399284464 245.40426065445564 479.4034605933313 949.111810327228
482.7326260862301 391.48655099349645 388.36430897303705 426.2707436085507
316.0705468287069 73.10589070212677 410.32638118549914 959.8727747945867
387.4831042434602 85.38002494797348 403.7156544927315 676.2816831803136
302.61450100608255 75.1607820313809 224.7076709357272 355.941367964157
208.56787710223182 447.2660835120969 334.1529794541612 110.8034226548571
32.71809112983999 327.89208863725094 399.56804530531525 493.18586801701434
274.389109191328 160.62536442486936 70.46523405164436 93.08317174613356
205.59492160274743 206.68402770151937 405.9453242167783 191.60694463581396
305.2847793971681 211.97032387648534 216.05952519625276 992.179332636258
157.2733171177594 267.1420187257124 87.0418941225106 505.2297406210591
139.21230996805195 375.1584143192717 464.20595261613494 741.3273329461151
134.29950658592446 509.86776760982895 405.84661721711956 88.01198306662283
199.10389348556333 258.02853956138415 183.14590505580543 650.6130837347415
495.9721354922851 354.01526792838416 4.444506621562084 165.83563294135172
402.0098864322122 86.49428819579231 225.6851676398262 966.5368242664114
184.8613302466391 19.7841420434994 46.023185719183516 371.2757579335139
302.6558585525906 446.2103084657895 113.43511525840756 846.1718227782302
35.98693356879892 318.5198427830001 170.67056305556383 477.7313034795477
254.0920546166443 459.6221721897035 141.49220316997287 224.1775737314601
110.31701744215462 269.78244533862977 207.1170493914109 310.87916796153826
206.767580004658 247.24562654949983 83.57057573554766 22.6569308448763
154.81411096608576 301.4418748575204 113.90569966869248 22.40610450095104
361.86071728958285 235.09079754145085 162.0983002909893 910.6362138395477
205.9149588097779 400.89697845512256 52.87710391916414 143.5551008692779
311.7755393607439 424.9065465378267 31.017872771504074 176.6324523699252
231.9460482112355 53.164824508673405 329.2998885333896 263.2061560521529
203.65339017076883 156.49320929668704 74.52352837886428 616.2154402089443
251.3444639360481 269.0101525594398 40.86158482807065 536.1357205563526
102.81359786025592 464.98240461717734 48.71134589873333 359.8151316002082
271.590125442095 420.70805699110645 496.6872130986269 632.177930357903
420.06731863412904 494.6869660801988 163.90403537088912 369.8470897615689
195.13900121765647 138.7263656204526 511.98238785614984 37.93004965777902
425.9308544075532 141.9635464043194 473.18147519717 358.4074802640511
240.61236148105615 47.73102123257087 16.813493294278715 335.1326745604116
93.18225425293844 347.91926537581196 434.1783385498323 918.4996685580072
316.6451483046579 446.8009620496554 218.3978819071329 474.2431721353391
287.174636632553 359.8084398165623 375.9222883001739 155.68186362134995
231.59056695085502 69.05636629154918 209.35706547438588 226.248734815623
507.6500301606821 276.8419735331472 137.79532083579682 287.57268118749766
430.03211083246657 472.3855629104723 21.846645378944174 223.44479811792073
279.80720771536295 33.53740354886577 465.4245925053016 583.5465445453357
112.01310005674225 24.852422791395668 402.0715300761661 866.768520141241
202.27903878369563 218.23929939361693 370.5983666249806 530.1346683911062
507.4952207985187 423.77696835493657 447.58575212947613 955.1383787037928
353.20931838376134 342.77370188440733 504.53866626827437 768.5783602610603
482.4545949813721 468.7281381261531 263.5408264531246 399.3461284031581
157.6126344887233 372.409451863144 325.7917902592615 917.2559709862236
5.431589431768828 352.78814608169233 29.43848850170599 651.1959431704929
462.6232982770514 273.6582971911113 431.49251217141364 191.5472238597191
226.33533044574625 65.04085010021015 243.06585255469736 993.4223716765013
204.52297459218948 53.728457974405785 333.8080048999552 694.531607023741
178.6056834075415 360.03475004238675 403.7397254102876 436.32928236044165
277.82247900953473 363.2576701594809 182.10234906424984 792.269399645401
333.0994210904026 359.71822346654574 210.86150966376977 764.5237646038827
511.8840750802152 232.89569932282905 505.3168165647688 646.9788839896478
159.23384074472193 373.16331638897606 491.99920037194084 71.10075445143427
99.24666233509771 317.62625932888676 40.2059656800476 490.65744688441305
248.6909002462442 406.088848221499 148.52771861071886 348.9138094974674
264.8262327470722 18.019136592307063 380.8319925487387 20.17301667913607
443.17545869091765 30.684632946369163 495.37686344617015 237.31421407816944
14.501107176254777 2.5724857513948223 31.0464342998539 908.6660774999197
411.6238107588809 60.38481041060686 509.39131434193996 955.0640104825043
318.1796595990707 258.822810653318 332.49885382865847 523.8708555172723
375.1019466930239 296.68574162097264 392.58550416861675 773.3609033568757
34.16774144914706 176.2940822868025 443.8249499834331 133.02121766238983
170.61992644292417 357.7008799093009 353.20785185760985 562.5938478280642
283.5416129828638 327.8532885823504 0.5213311766237325 58.25887758936044
152.16111614851843 103.09845331132459 413.6492901626349 248.45035209339395
97.5541105422052 408.2470704791494 129.17203097642556 522.4967569529543
210.59976420789468 381.0202206569735 458.68468366396183 99.33875596556673
75.31847204770429 482.36613325972894 156.88993028915036 63.7120505319656
72.09743740791026 495.79605047602746 127.59173933152346 348.0484102414968
208.32918074975368 351.3520942577184 464.5611454120981 686.2727111421276
244.43926764571984 322.4617338269532 250.70609282024782 530.1216647815679
503.59434067772395 94.86507017592197 328.204020933546 694.138775481826
225.08387969123464 404.17256184672743 266.3950041483503 328.83678105196077
315.61860702269485 174.34741791456958 448.81225835478614 953.4514646084305
401.7384301217927 261.48309813460156 81.67648282739316 664.829603136133
341.8688292401844 154.8765235396524 115.56706739186211 596.3069224040581
488.60006794122285 238.42158372396756 71.46991291988707 109.55223145878112
212.4968884521985 163.23693310116903 352.44359800065894 420.78798095155065
79.59825738888298 119.71735964747847 365.4268819650529 686.5730538360394
261.2164090001481 47.90768407109391 300.29035443844845 591.0494236838983
423.50570725303425 132.16615226254703 497.84698173208363 688.6448927359934
142.69458598675288 499.5737450065258 446.8962970744699 160.24858431366516
477.2624997532294 112.63951774366734 263.0200712769316 489.4263660944226
361.81486301639103 237.93523532217785 197.58523483507383 166.9384995485358
114.04989858092586 508.47400427374583 232.79760949278102 644.9797889466487
88.45498941094763 90.29494430271569 148.24223114166404 192.790279768447
42.99771373228742 155.42566007891656 53.592483282405624 394.55871476869953
226.77102635111038 311.14592752847136 382.8841459614275 918.4241752417402
113.46859894364633 508.54801569507845 15.55247703979461 134.42511024435154
59.205709982738256 303.871937529557 429.2736877114503 953.941279651651
35.917960461220446 131.72237002256696 344.81357106459086 632.4284239845722
498.6797836869398 153.12622698791796 53.95331153851572 198.2640808536401
355.1187293752064 85.21965019580284 158.0431476039093 695.5519104864417
272.4602011381847 203.11184339172974 2.0157704755504255 433.6111555625349
243.73923670466803 127.08117676520351 191.6084075972613 143.15422199314608
130.44757853610201 375.8387512491454 505.3231863894149 95.35563704364503
402.35991344978964 93.92573059323871 152.5337800404963 981.0346858723993
219.02310135296705 394.22524923264365 36.88648644437535 989.9926099894665
437.7268053035808 177.30928496118707 413.56569765028894 617.7054857473612
376.78033713178706 284.3991867602814 280.00909305392105 99.02592278071864
225.06481949131324 445.1789986601285 413.1268669250743 681.8563126967189
102.47018745620932 208.81239885809583 69.18615931436653 109.18436842696921
4.349490129062133 72.34609214311644 189.66191303964115 524.2124393055027
105.29260035965456 381.49147377895963 336.01710819921317 970.4227590568617
437.27556958150035 113.55539448470967 369.57624263547535 614.2228572220753
204.83436692138326 502.2733800901607 70.24036726520677 836.5344579228667
357.2434465960093 439.44858178681216 425.7707870878444 307.7166293150659
293.50182086797133 247.21455202589175 473.97474125026145 625.7009614777814
374.5816107920403 435.5605130883157 139.31332714759344 581.1303408987503
227.66490642277932 118.07325899325554 334.00193702566185 186.40902979161345
448.8422530205686 425.4499560429889 280.6192532328902 953.3999186945653
208.46415396660626 63.52593948460418 247.08013189557818 908.122794944911
167.75308783587872 83.0110384332848 510.87040005032344 857.4906075668858
427.8870482232519 205.68508385287276 78.80320963970365 979.5550978961326
494.5056600543934 253.078934283862 130.2688480249081 146.0881574627516
180.3814970858072 356.784944893772 381.6632359317277 436.1911441239953
295.6950394969245 11.858535159912606 15.451170247011987 626.1927088175127
490.40365705176674 314.8037796790806 98.54147753213977 763.2137373054115
52.71953650490207 447.9383798821578 315.24692115976796 692.8013193190765
411.1110672996916 64.23672617461796 496.95942992197087 973.8330984801687
111.69886876439392 472.9399003065653 38.75109672069232 349.0729067040456
245.80936660908839 460.6594124709192 390.5110036589195 323.72137650520614
211.0590958107005 80.62632126539091 372.2636298083367 925.1361715632227
207.24996724444952 129.26152157347417 496.39612518174044 635.5477964227563
375.9011454271362 192.8235802832681 495.1905166293123 536.6198723470029
296.7735604428798 172.03406280267205 433.8813316111027 813.5832098563545
332.7475804403982 369.49234689336697 213.5739342282862 776.6590088229954
62.070440834159456 500.72806595836465 363.38488071023704 658.347878017818
368.8668222890885 416.8019477395139 508.1344619599719 749.515234764826
281.0573653590579 9.033058443930713 248.8101608326017 156.5044551640382
364.52759569201197 203.7213015143464 405.0913114742054 855.8600871759211
